id;name;sequence
P63285;Chaperone protein ClpB;MRLDRLTNKFQLALADAQSLALGHDNQFIEPLHLMSALLNQEGGSVSPLLTSAGINAGQLRTDINQALNRLPQVEGTGGDVQPSQDLVRVLNLCDKLAQKRGDNFISSELFVLAALESRGTLADILKAAGATTANITQAIEQMRGGESVNDQGAEDQRQALKKYTIDLTERAEQGKLDPVIGRDEEIRRTIQVLQRRTKNNPVLIGEPGVGKTAIVEGLAQRIINGEVPEGLKGRRVLALDMGALVAGAKYRGEFEERLKGVLNDLAKQEGNVILFIDELHTMVGAGKADGAMDAGNMLKPALARGELHCVGATTLDEYRQYIEKDAALERRFQKVFVAEPSVEDTIAILRGLKERYELHHHVQITDPAIVAAATLSHRYIADRQLPDKAIDLIDEAASSIRMQIDSKPEELDRLDRRIIQLKLEQQALMKESDEASKKRLDMLNEELSDKERQYSELEEEWKAEKASLSGTQTIKAELEQAKIAIEQARRVGDLARMSELQYGKIPELEKQLEAATQLEGKTMRLLRNKVTDAEIAEVLARWTGIPVSRMMESEREKLLRMEQELHHRVIGQNEAVDAVSNAIRRSRAGLADPNRPIGSFLFLGPTGVGKTELCKALANFMFDSDEAMVRIDMSEFMEKHSVSRLVGAPPGYVGYEEGGYLTEAVRRRPYSVILLDEVEKAHPDVFNILLQVLDDGRLTDGQGRTVDFRNTVVIMTSNLGSDLIQERFGELDYAHMKELVLGVVSHNFRPEFINRIDEVVVFHPLGEQHIASIAQIQLKRLYKRLEERGYEIHISDEALKLLSENGYDPVYGARPLKRAIQQQIENPLAQQILSGELVPGKVIRLEVNEDRIVAVQ
P0A513;Lanosterol 14-alpha demethylase;MSAVALPRVSGGHDEHGHLEEFRTDPIGLMQRVRDECGDVGTFQLAGKQVVLLSGSHANEFFFRAGDDDLDQAKAYPFMTPIFGEGVVFDASPERRKEMLHNAALRGEQMKGHAATIEDQVRRMIADWGEAGEIDLLDFFAELTIYTSSACLIGKKFRDQLDGRFAKLYHELERGTDPLAYVDPYLPIESFRRRDEARNGLVALVADIMNGRIANPPTDKSDRDMLDVLIAVKAETGTPRFSADEITGMFISMMFAGHHTSSGTASWTLIELMRHRDAYAAVIDELDELYGDGRSVSFHALRQIPQLENVLKETLRLHPPLIILMRVAKGEFEVQGHRIHEGDLVAASPAISNRIPEDFPDPHDFVPARYEQPRQEDLLNRWTWIPFGAGRHRCVGAAFAIMQIKAIFSVLLREYEFEMAQPPESYRNDHSKMVVQLAQPACVRYRRRTGV
P37039;NADPH--cytochrome P450 reductase;MGDSHVDTGATSTEAVAEEVSLFSMTDMILLSVLVGFLTYFFLFRKKKEEIPEFTKISTTTSSVKESSFVEKMKKTGRNIIVFYGSQTGTAEEFANRLSKDAHRYGMRGMAADPEEYDLADLSSLPEIDNSLAVFCMATYGEGDPTDNAQDFYDWLQETDLDLSGVKYAVFGLGNKTYEHFNSMGKYVDQRLEQLGAQRIFELGLGDDDGNLEEDFITWREQFWPAVCEFFGVEATGEESSIRQYELVLHADTDPAKVYTGEMGRLKSYENQKPPFDAKNPFLAAVTTNRKLNQGTERHLMHLELDISDSKIRYESGDHVAVYPANDSNLVNQLGKILGADLDVVMSLKNLDEESNKKHPFPCPTTYRTALTYYLDITNPPRTNVLYELAQYASEPSEQEQLHKMASSSGEGKELYLTWVVEARRHILAILQDYPSLRPPIDHLCELLPRLQARYYSIASSSKVHPNSVHICAVVVEYETKSGRINKGVATSWLQAKDPAGENGRRALVPMFVRKSQFRLPFKSTTPVIMVGPGTGVAPFIGFIQERAWLQQQGKEVGETLLYYGCRRSDEDYLYREELAQFHKDGTLTQLNVAFSREQAQKVYVQHLLKRDQEHLWKLIHEDGAHIYVCGDARNMARDVQNTFCNIAAELGGMEHTQAVDYVKKLMTKGRYSLDVWS
P03023;Lactose operon repressor;MKPVTLYDVAEYAGVSYQTVSRVVNQASHVSAKTREKVEAAMAELNYIPNRVAQQLAGKQSLLIGVATSSLALHAPSQIVAAIKSRADQLGASVVVSMVERSGVEACKAAVHNLLAQRVSGLIINYPLDDQDAIAVEAACTNVPALFLDVSDQTPINSIIFSHEDGTRLGVEHLVALGHQQIALLAGPLSSVSARLRLAGWHKYLTRNQIQPIAEREGDWSAMSGFQQTMQMLNEGIVPTAMLVANDQMALGAMRAITESGLRVGADISVVGYDDTEDSSCYIPPLTTIKQDFRLLGQTSVDRLLQLSQGQAVKGNQLLPVSLVKRKTTLAPNTQTASPRALADSLMQLARQVSRLESGQ
A9MHG0;Elongation factor Tu;MSKEKFERTKPHVNVGTIGHVDHGKTTLTAAITTVLAKTYGGAARAFDQIDNAPEEKARGITINTSHVEYDTPTRHYAHVDCPGHADYVKNMITGAAQMDGAILVVAATDGPMPQTREHILLGRQVGVPYIIVFLNKCDMVDDEELLELVEMEVRELLSQYDFPGDDTPIVRGSALKALEGDAEWEAKIIELAGFLDSYIPEPERAIDKPFLLPIEDVFSISGRGTVVTGRVERGIIKVGEEVEIVGIKETQKSTCTGVEMFRKLLDEGRAGENVGVLLRGIKREEIERGQVLAKPGTIKPHTKFESEVYILSKDEGGRHTPFFKGYRPQFYFRTTDVTGTIELPEGVEMVMPGDNIKMVVTLIHPIAMDDGLRFAIREGGRTVGAGVVAKVLG
P00388;NADPH--cytochrome P450 reductase;MGDSHEDTSATMPEAVAEEVSLFSTTDMVLFSLIVGVLTYWFIFRKKKEEIPEFSKIQTTAPPVKESSFVEKMKKTGRNIIVFYGSQTGTAEEFANRLSKDAHRYGMRGMSADPEEYDLADLSSLPEIDKSLVVFCMATYGEGDPTDNAQDFYDWLQETDVDLTGVKFAVFGLGNKTYEHFNAMGKYVDQRLEQLGAQRIFELGLGDDDGNLEEDFITWREQFWPAVCEFFGVEATGEESSIRQYELVVHEDMDVAKVYTGEMGRLKSYENQKPPFDAKNPFLAAVTANRKLNQGTERHLMHLELDISDSKIRYESGDHVAVYPANDSALVNQIGEILGADLDVIMSLNNLDEESNKKHPFPCPTTYRTALTYYLDITNPPRTNVLYELAQYASEPSEQEHLHKMASSSGEGKELYLSWVVEARRHILAILQDYPSLRPPIDHLCELLPRLQARYYSIASSSKVHPNSVHICAVAVEYEAKSGRVNKGVATSWLRAKEPAGENGGRALVPMFVRKSQFRLPFKSTTPVIMVGPGTGIAPFMGFIQERAWLREQGKEVGETLLYYGCRRSDEDYLYREELARFHKDGALTQLNVAFSREQAHKVYVQHLLKRDREHLWKLIHEGGAHIYVCGDARNMAKDVQNTFYDIVAEFGPMEHTQAVDYVKKLMTKGRYSLDVWS
P33261;Cytochrome P450 2C19;MDPFVVLVLCLSCLLLLSIWRQSSGRGKLPPGPTPLPVIGNILQIDIKDVSKSLTNLSKIYGPVFTLYFGLERMVVLHGYEVVKEALIDLGEEFSGRGHFPLAERANRGFGIVFSNGKRWKEIRRFSLMTLRNFGMGKRSIEDRVQEEARCLVEELRKTKASPCDPTFILGCAPCNVICSIIFQKRFDYKDQQFLNLMEKLNENIRIVSTPWIQICNNFPTIIDYFPGTHNKLLKNLAFMESDILEKVKEHQESMDINNPRDFIDCFLIKMEKEKQNQQSEFTIENLVITAADLLGAGTETTSTTLRYALLLLLKHPEVTAKVQEEIERVVGRNRSPCMQDRGHMPYTDAVVHEVQRYIDLIPTSLPHAVTCDVKFRNYLIPKGTTILTSLTSVLHDNKEFPNPEMFDPRHFLDEGGNFKKSNYFMPFSAGKRICVGEGLARMELFLFLTFILQNFNLKSLIDPKDLDTTPVVNGFASVPPFYQLCFIPV
A1AJ51;60 kDa chaperonin 1;MAAKDVKFGNDARVKMLRGVNVLADAVKVTLGPKGRNVVLDKSFGAPTITKDGVSVAREIELEDKFENMGAQMVKEVASKANDAAGDGTTTATVLAQAIITEGLKAVAAGMNPMDLKRGIDKAVTAAVEELKALSVPCSDSKAIAQVGTISANSDETVGKLIAEAMDKVGKEGVITVEDGTGLQDELDVVEGMQFDRGYLSPYFINKPETGAVELESPFILLADKKISNIREMLPVLEAVAKAGKPLLIIAEDVEGEALATLVVNTMRGIVKVAAVKAPGFGDRRKAMLQDIATLTGGTVISEEIGMELEKATLEDLGQAKRVVINKDTTTIIDGVGEEAAIQGRVAQIRQQIEEATSDYDREKLQERVAKLAGGVAVIKVGAATEVEMKEKKARVEDALHATRAAVEEGVVAGGGVALIRVASKLADLRGQNEDQNVGIKVALRAMEAPLRQIVLNCGEEPSVVANTVKGGDGNYGYNAATEEYGNMIDMGILDPTKVTRSALQYAASVAGLMITTECMVTDLPKNDAADLGAAGGMGGMGGMGGMM
Q84AP1;DNA protection during starvation protein;MRPAKLVKSKASALLYTRNDVSDSEKKATVELLNQQVIQFIDLSLITKQAHWNMRGANFIAVHEMLDGFRTALTDHLDTMAERAVQLGGVALGTTQVINSKTPLKSYPLDIHNVQDHLKELAERYAVVANSVRKAISEAKDEDTADIFTAASRDLDKFLWFIESTFE
Q6VVX0;Vitamin D 25-hydroxylase;MWKLWRAEEGAAALGGALFLLLFALGVRQLLKQRRPMGFPPGPPGLPFIGNIYSLAASSELPHVYMRKQSQVYGEIFSLDLGGISTVVLNGYDVVKECLVHQSEIFADRPCLPLFMKMTKMGGLLNSRYGRGWVDHRRLAVNSFRYFGYGQKSFESKILEETKFFNDAIETYKGRPFDFKQLITNAVSNITNLIIFGERFTYEDTDFQHMIELFSENVELAASASVFLYNAFPWIGILPFGKHQQLFRNAAVVYDFLSRLIEKASVNRKPQLPQHFVDAYLDEMDQGKNDPSSTFSKENLIFSVGELIIAGTETTTNVLRWAILFMALYPNIQGQVQKEIDLIMGPNGKPSWDDKCKMPYTEAVLHEVLRFCNIVPLGIFHATSEDAVVRGYSIPKGTTVITNLYSVHFDEKYWRDPEVFHPERFLDSSGYFAKKEALVPFSLGRRHCLGEHLARMEMFLFFTALLQRFHLHFPHELVPDLKPRLGMTLQPQPYLICAERR
Q16850;Lanosterol 14-alpha demethylase;MLLLGLLQAGGSVLGQAMEKVTGGNLLSMLLIACAFTLSLVYLIRLAAGHLVQLPAGVKSPPYIFSPIPFLGHAIAFGKSPIEFLENAYEKYGPVFSFTMVGKTFTYLLGSDAAALLFNSKNEDLNAEDVYSRLTTPVFGKGVAYDVPNPVFLEQKKMLKSGLNIAHFKQHVSIIEKETKEYFESWGESGEKNVFEALSELIILTASHCLHGKEIRSQLNEKVAQLYADLDGGFSHAAWLLPGWLPLPSFRRRDRAHREIKDIFYKAIQKRRQSQEKIDDILQTLLDATYKDGRPLTDDEVAGMLIGLLLAGQHTSSTTSAWMGFFLARDKTLQKKCYLEQKTVCGENLPPLTYDQLKDLNLLDRCIKETLRLRPPIMIMMRMARTPQTVAGYTIPPGHQVCVSPTVNQRLKDSWVERLDFNPDRYLQDNPASGEKFAYVPFGAGRHRCIGENFAYVQIKTIWSTMLRLYEFDLIDGYFPTVNYTTMIHTPENPVIRYKRRSK
P0A9L1;FKBP-type peptidyl-prolyl cis-trans isomerase SlyD;MKVAKDLVVSLAYQVRTEDGVLVDESPVSAPLDYLHGHGSLISGLETALEGHEVGDKFDVAVGANDAYGQYDENLVQRVPKDVFMGVDELQVGMRFLAETDQGPVPVEITAVEDDHVVVDGNHMLAGQNLKFNVEVVAIREATEEELAHGHVHGAHDHHHDHDHDGCCGGHGHDHGHEHGGEGCCGGKGNGGCGCH
Q8XBT3;Universal stress protein G;MYKTIIMPVDVFEMELSDKAVRHAEFLAQDDGVIHLLHVLPGSASLSLHRFAADVRRFEEHLQHEAEERLQTMVSHFTIDPSRIKQHVRFGSVRDEVNELAEELGADVVVIGSRNPSISTHLLGSNASSVIRHANLPVLVVR
P0AAI7;3-oxoacyl-[acyl-carrier-protein] synthase 2;MSKRRVVVTGLGMLSPVGNTVESTWKALLAGQSGISLIDHFDTSAYATKFAGLVKDFNCEDIISRKEQRKMDAFIQYGIVAGVQAMQDSGLEITEENATRIGAAIGSGIGGLGLIEENHTSLMNGGPRKISPFFVPSTIVNMVAGHLTIMYGLRGPSISIATACTSGVHNIGHAARIIAYGDADVMVAGGAEKASTPLGVGGFGAARALSTRNDNPQAASRPWDKERDGFVLGDGAGMLVLEEYEHAKKRGAKIYAELVGFGMSSDAYHMTSPPENGAGAALAMANALRDAGIEASQIGYVNAHGTSTPAGDKAEAQAVKTIFGEAASRVLVSSTKSMTGHLLGAAGAVESIYSILALRDQAVPPTINLDNPDEGCDLDFVPHEARQVSGMEYTLCNSFGFGGTNGSLIFKKI
P56395;Cytochrome b5;MAGQSDKDVKYYTLEEIQKHKDSKSTWVILHHKVYDLTKFLEEHPGGEEVLREQAGGDATENFEDVGHSTDARELSKTYIIGELHPDDRSKIAKPSDTLITTVESNSSWWTNWVIPAISALAVALMYRLYMAED
A6VLD2;ADP-L-glycero-D-manno-heptose-6-epimerase;MIIVTGGAGFIGSNIVKSLNDLGRKDILVVDNLKDGTKFINLVDLDIADYCDKEDFIAQIIAGDDFGDIDAVFHEGACSATTEWDGKYIMHNNYEYSKELLHYCLDREIPFFYASSAATYGDKTEFVEERQFEGPLNVYGYSKFLFDQYVREILPNASSPVCGFKYFNVYGPREQHKGSMSSVAFHLNNQILKGENPKLFAGSEHFLRDFVYVGDVAAVNIWAWQNKISGIFNCGTGHAESFKAVAEAVIKHHGKGAIETIPFPDHLKSRYQEYTQADLTKLRAAGCNLKFKSVAEGVAEYMAWLNRK
P64583;Uncharacterized protein YqjD;MSKEHTTEHLRAELKSLSDTLEEVLSSSGEKSKEELSKIRSKAEQALKQSRYRLGETGDAIAKQTRVAAARADEYVRENPWTGVGIGAAIGVVLGVLLSRR
P46180;30S ribosomal protein S8;MSMQDPIADMLTRIRNGQAANKVAVTMPSSKLKVAIANVLKEEGFIEDFKIEGGTKPVLELVLKYFQGNAVVESIQRISRPGLRIYKKKDELPKVMAGLGIAVVSTSKGVMTDRAARQAGLGGEIICYVA
P24557;Thromboxane-A synthase;MEALGFLKLEVNGPMVTVALSVALLALLKWYSTSAFSRLEKLGLRHPKPSPFIGNLTFFRQGFWESQMELRKLYGPLCGYYLGRRMFIVISEPDMIKQVLVENFSNFTNRMASGLEFKSVADSVLFLRDKRWEEVRGALMSAFSPEKLNEMVPLISQACDLLLAHLKRYAESGDAFDIQRCYCNYTTDVVASVAFGTPVDSWQAPEDPFVKHCKRFFEFCIPRPILVLLLSFPSIMVPLARILPNKNRDELNGFFNKLIRNVIALRDQQAAEERRRDFLQMVLDARHSASPMGVQDFDIVRDVFSSTGCKPNPSRQHQPSPMARPLTVDEIVGQAFIFLIAGYEIITNTLSFATYLLATNPDCQEKLLREVDVFKEKHMAPEFCSLEEGLPYLDMVIAETLRMYPPAFRFTREAAQDCEVLGQRIPAGAVLEMAVGALHHDPEHWPSPETFNPERFTAEARQQHRPFTYLPFGAGPRSCLGVRLGLLEVKLTLLHVLHKFRFQACPETQVPLQLESKSALGPKNGVYIKIVSR
A7ZSL0;30S ribosomal protein S10;MQNQRIRIRLKAFDHRLIDQATAEIVETAKRTGAQVRGPIPLPTRKERFTVLISPHVNKDARDQYEIRTHLRLVDIVEPTEKTVDALMRLDLAAGVDVQISLG
Q3SYT8;NADPH--cytochrome P450 reductase;MADSNMDAGTTTSEMVAEEVSLFSTTDVILFSLIVGVMTYWFLFRKKKEEVPEFTKIQTTTSSVKDRSFVEKMKKTGRNIIVFYGSQTGTAEEFANRLSKDAHRYGMRGMAADPEEYDLADLSSLPEIEKALAIFCMATYGEGDPTDNAQDFYDWLQETDVDLSGVKYAVFALGNKTYEHFNAMGKYVDKRLEQLGAQRIFDLGLGDDDGNLEEDFITWREQFWPAVCEHFGVEATGEESSIRQYELMVHTDMDMAKVYTGEMGRLKSYENQKPPFDAKNPFLAVVTTNRKLNQGTERHLMHLELDISDSKIRYESGDHVAVYPANDSALVNQLGEILGADLDIIMSLNNLDEESNKKHPFPCPTSYRTALTYYLDITNPPRTNVLYELAQYASEPTEHEQLRKMASSSGEGKELYLRWVLEARRHILAILQDYPSLRPPIDHLCELLPRLQARYYSIASSSKVHPNSVHICAVAVEYETKTGRINKGVATSWLRAKEPAGENGGRALVPMYVRKSQFRLPFKATTPVIMVGPGTGVAPFIGFIQERAWLRQQGKEVGETLLYYGCRRSDEDYLYREELAGFHKDGALTQLNVAFSREQPQKVYVQHLLKKDKEHLWKLIHEGGAHIYVCGDARNMARDVQNTFYDIVAEQGAMEHAQAVDYVKKLMTKGRYSLDVWS
Q16678;Cytochrome P450 1B1;MGTSLSPNDPWPLNPLSIQQTTLLLLLSVLATVHVGQRLLRQRRRQLRSAPPGPFAWPLIGNAAAVGQAAHLSFARLARRYGDVFQIRLGSCPIVVLNGERAIHQALVQQGSAFADRPAFASFRVVSGGRSMAFGHYSEHWKVQRRAAHSMMRNFFTRQPRSRQVLEGHVLSEARELVALLVRGSADGAFLDPRPLTVVAVANVMSAVCFGCRYSHDDPEFRELLSHNEEFGRTVGAGSLVDVMPWLQYFPNPVRTVFREFEQLNRNFSNFILDKFLRHCESLRPGAAPRDMMDAFILSAEKKAAGDSHGGGARLDLENVPATITDIFGASQDTLSTALQWLLLLFTRYPDVQTRVQAELDQVVGRDRLPCMGDQPNLPYVLAFLYEAMRFSSFVPVTIPHATTANTSVLGYHIPKDTVVFVNQWSVNHDPLKWPNPENFDPARFLDKDGLINKDLTSRVMIFSVGKRRCIGEELSKMQLFLFISILAHQCDFRANPNEPAKMNFSYGLTIKPKSFKVNVTLRESMELLDSAVQNLQAKETCQ
P0A3B2;GTP-binding protein TypA/BipA;MIEKLRNIAIIAHVDHGKTTLVDKLLQQSGTFDSRAETQERVMDSNDLEKERGITILAKNTAIKWNDYRINIVDTPGHADFGGEVERVMSMVDSVLLVVDAFDGPMPQTRFVTKKAFAYGLKPIVVINKVDRPGARPDWVVDQVFDLFVNLDATDEQLDFPIVYASALNGIAGLDHEDMAEDMTPLYQAIVDHVPAPDVDLDGPFQMQISQLDYNSYVGVIGIGRIKRGKVKPNQQVTIIDSEGKTRNAKVGKVLGHLGLERIETDLAEAGDIVAITGLGELNISDTVCDTQNVEALPALSVDEPTVSMFFCVNTSPFCGKEGKFVTSRQILDRLNKELVHNVALRVEETEDADAFRVSGRGELHLSVLIENMRREGFELAVSRPKVIFREIDGRKQEPYENVTLDVEEQHQGSVMQALGERKGDLKNMNPDGKGRVRLDYVIPSRGLIGFRSEFMTMTSGTGLLYSTFSHYDDVRPGEVGQRQNGVLISNGQGKAVAFALFGLQDRGKLFLGHGAEVYEGQIIGIHSRSNDLTVNCLTGKKLTNMRASGTDEAVVLVPPIRMTLEQALEFIDDDELVEVTPTSIRIRKRHLTENDRRRANRAPKDD
P04166;Cytochrome b5 type B;MATPEASGSGRNGQGSDPAVTYYRLEEVAKRNTAEETWMVIHGRVYDITRFLSEHPGGEEVLLEQAGADATESFEDVGHSPDAREMLKQYYIGDVHPNDLKPKDGDKDPSKNNSCQSSWAYWIVPIVGAILIGFLYRHFWADSKSS
P50859;Lanosterol 14-alpha demethylase;MSTENTSLVVELLEYVKLGLSYFQALPLAQRVSIMVALPFVYTITWQLLYSLRKDRPPLVFYWIPWVGSAIPYGTKPYEFFEDCQKKYGDIFSFMLLGRIMTVYLGPKGHEFIFNAKLADVSAEAAYSHLTTPVFGKGVIYDCPNHRLMEQKKFVKGALTKEAFVRYVPLIAEEIYKYFRNSKNFKINENNSGIVDVMVSQPEMTIFTASRSLLGKEMRDKLDTDFAYLYSDLDKGFTPINFVFPNLPLEHYRKRDHAQQAISGTYMSLIKERREKNDIQNRDLIDELMKNSTYKDGTKMTDQEIANLLIGVLMGGQHTSAATSAWCLLHLAERPDVQEELYQEQMRVLNNDTKELTYDDLQNMPLLNQMIKETLRLHHPLHSLFRKVMRDVAIPNTSYVVPRDYHVLVSPGYTHLQEEFFPKPNEFNIHRWDGDAASSSAAGGDEVDYGFGAISKGVSSPYLPFGGGRHRCIGELFAYCQLGVLMSIFIRTMKWRYPTEGETVPPSDFTSMVTLPTAPAKIYWEKRHPEQKY
O75881;25-hydroxycholesterol 7-alpha-hydroxylase;MAGEVSAATGRFSLERLGLPGLALAAALLLLALCLLVRRTRRPGEPPLIKGWLPYLGVVLNLRKDPLRFMKTLQKQHGDTFTVLLGGKYITFILDPFQYQLVIKNHKQLSFRVFSNKLLEKAFSISQLQKNHDMNDELHLCYQFLQGKSLDILLESMMQNLKQVFEPQLLKTTSWDTAELYPFCSSIIFEITFTTIYGKVIVCDNNKFISELRDDFLKFDDKFAYLVSNIPIELLGNVKSIREKIIKCFSSEKLAKMQGWSEVFQSRQDVLEKYYVHEDLEIGAHHLGFLWASVANTIPTMFWAMYYLLRHPEAMAAVRDEIDRLLQSTGQKKGSGFPIHLTREQLDSLICLESSIFEALRLSSYSTTIRFVEEDLTLSSETGDYCVRKGDLVAIFPPVLHGDPEIFEAPEEFRYDRFIEDGKKKTTFFKRGKKLKCYLMPFGTGTSKCPGRFFALMEIKQLLVILLTYFDLEIIDDKPIGLNYSRLLFGIQYPDSDVLFRYKVKS
P20815;Cytochrome P450 3A5;MDLIPNLAVETWLLLAVSLVLLYLYGTRTHGLFKRLGIPGPTPLPLLGNVLSYRQGLWKFDTECYKKYGKMWGTYEGQLPVLAITDPDVIRTVLVKECYSVFTNRRSLGPVGFMKSAISLAEDEEWKRIRSLLSPTFTSGKLKEMFPIIAQYGDVLVRNLRREAEKGKPVTLKDIFGAYSMDVITGTSFGVNIDSLNNPQDPFVESTKKFLKFGFLDPLFLSIILFPFLTPVFEALNVSLFPKDTINFLSKSVNRMKKSRLNDKQKHRLDFLQLMIDSQNSKETESHKALSDLELAAQSIIFIFAGYETTSSVLSFTLYELATHPDVQQKLQKEIDAVLPNKAPPTYDAVVQMEYLDMVVNETLRLFPVAIRLERTCKKDVEINGVFIPKGSMVVIPTYALHHDPKYWTEPEEFRPERFSKKKDSIDPYIYTPFGTGPRNCIGMRFALMNMKLALIRVLQNFSFKPCKETQIPLKLDTQGLLQPEKPIVLKVDSRDGTLSGE
A7ZP73;Bifunctional polymyxin resistance protein ArnA;MKTVVFAYHDMGCLGIEALLAAGYEISAIFTHTDNPGEKAFYGSVARLAAERGIPVYAPDDVNHPLWVERIAQLSPDVIFSFYYRHLICDEILQLAPAGAFNLHGSLLPKYRGRAPLNWVLVNGETETGVTLHRMVKRADAGAIVAQLRIAIAPDDIAITLHHKLCHAARQLLEQTLPAIKHGNILEIAQRENEATCFGRRTPDDSFLEWHKPASVLHNMVRAVADPWPGAFSYVGNQKFTVWSSRVHPHASKAQPGSVISVAPLLIACGDGALEIVTGQAGDGITMQGSQLAQTLGLVQGSRLNSQPACTARRRTRVLILGVNGFIGNHLTERLLREDHYEVYGLDIGSDAISRFLNHPHFHFVEGDISIHSEWIEYHVKKCDVVLPLVAIATPIEYTRNPLRVFELDFEENLRIIRYCVKYRKRIIFPSTSEVYGMCSDKYFDEDHSNLIVGPVNKPRWIYSVSKQLLDRVIWAYGEKEGLQFTLFRPFNWMGPRLDNLNAARIGSSRAITQLILNLVEGSPIKLIDGGKQKRCFTDIRDGIEALYRIIENAGNRCDGEIINIGNPENEASIEELGEMLLASFEKHPLRHHFPPFAGFRVVESSSYYGKGYQDVEHRKPSIRNAHRCLDWEPKIDMQETIDETLDFFLRTVDLTDKPS
Q9CQX2;Cytochrome b5 type B;MATPEASGSGEKVEGSEPSVTYYRLEEVAKRNSAEETWMVIHGRVYDITRFLSEHPGGEEVLLEQAGADATESFEDVGHSPDAREMLKQYYIGDVHPSDLKPKGDDKDPSKNNSCQSSWAYWFVPIVGAILIGFLYRHFWADSKSS
Q06367;Cytochrome P450 1A1;MSTSAMELLLTATIFCLVLWVVRIFRPQVPKGLKSPPGPWGWPLIGHMLTLGKNPHLALTRLSARYGDVLQIRIGSTPVVVLSGLDTIRQALVRQGDDFKGRPDLYSFTFISDGQSMTFNPDSGPVWAARRRLAQSALKSFSVASDPASVSSCYLEEHVKKEAEYLIKKFQELMAGPGHFDPYRYVVVSVANVISAICFGQRYSHDDQQLLELIDLNNEFGEVTGSGNPSDFIPILRYLPSATMDTFKDLNRRFSVFIQKMIKEHYKTFEKGHIRDITDSLIEHCQDRKLDKNANIQISDQKIIGIVLDLFGAGFDTITTAISWSLLYLVMNPRIQKKIQEELDTVIGRERQPQLADRPKLPYMEAFISEVFRYSSFMPFTIPHSTTKDTSLNGFYIPKGCCIFVNQWQINHDQKLWGDPSVFRPERFLSPDGTVDKALSEKVTIFGLGKRRCLGEVIGRWEVFLFLAILLQQLEFSTSPGVKIDMTPIYGLTMKYSRCEHFQAQTRPFVLKCPEA
P16435;NADPH--cytochrome P450 reductase;MGDSHVDTSSTVSEAVAEEVSLFSMTDMILFSLIVGLLTYWFLFRKKKEEVPEFTKIQTLTSSVRESSFVEKMKKTGRNIIVFYGSQTGTAEEFANRLSKDAHRYGMRGMSADPEEYDLADLSSLPEIDNALVVFCMATYGEGDPTDNAQDFYDWLQETDVDLSGVKFAVFGLGNKTYEHFNAMGKYVDKRLEQLGAQRIFELGLGDDDGNLEEDFITWREQFWPAVCEHFGVEATGEESSIRQYELVVHTDIDAAKVYMGEMGRLKSYENQKPPFDAKNPFLAAVTTNRKLNQGTERHLMHLELDISDSKIRYESGDHVAVYPANDSALVNQLGKILGADLDVVMSLNNLDEESNKKHPFPCPTSYRTALTYYLDITNPPRTNVLYELAQYASEPSEQELLRKMASSSGEGKELYLSWVVEARRHILAILQDCPSLRPPIDHLCELLPRLQARYYSIASSSKVHPNSVHICAVVVEYETKAGRINKGVATNWLRAKEPAGENGGRALVPMFVRKSQFRLPFKATTPVIMVGPGTGVAPFIGFIQERAWLRQQGKEVGETLLYYGCRRSDEDYLYREELAQFHRDGALTQLNVAFSREQSHKVYVQHLLKQDREHLWKLIEGGAHIYVCGDARNMARDVQNTFYDIVAELGAMEHAQAVDYIKKLMTKGRYSLDVWS
P21179;Catalase HPII;MSQHNEKNPHQHQSPLHDSSEAKPGMDSLAPEDGSHRPAAEPTPPGAQPTAPGSLKAPDTRNEKLNSLEDVRKGSENYALTTNQGVRIADDQNSLRAGSRGPTLLEDFILREKITHFDHERIPERIVHARGSAAHGYFQPYKSLSDITKADFLSDPNKITPVFVRFSTVQGGAGSADTVRDIRGFATKFYTEEGIFDLVGNNTPIFFIQDAHKFPDFVHAVKPEPHWAIPQGQSAHDTFWDYVSLQPETLHNVMWAMSDRGIPRSYRTMEGFGIHTFRLINAEGKATFVRFHWKPLAGKASLVWDEAQKLTGRDPDFHRRELWEAIEAGDFPEYELGFQLIPEEDEFKFDFDLLDPTKLIPEELVPVQRVGKMVLNRNPDNFFAENEQAAFHPGHIVPGLDFTNDPLLQGRLFSYTDTQISRLGGPNFHEIPINRPTCPYHNFQRDGMHRMGIDTNPANYEPNSINDNWPRETPPGPKRGGFESYQERVEGNKVRERSPSFGEYYSHPRLFWLSQTPFEQRHIVDGFSFELSKVVRPYIRERVVDQLAHIDLTLAQAVAKNLGIELTDDQLNITPPPDVNGLKKDPSLSLYAIPDGDVKGRVVAILLNDEVRSADLLAILKALKAKGVHAKLLYSRMGEVTADDGTVLPIAATFAGAPSLTVDAVIVPCGNIADIADNGDANYYLMEAYKHLKPIALAGDARKFKATIKIADQGEEGIVEADSADGSFMDELLTLMAAHRVWSRIPKIDKIPA
P37040;NADPH--cytochrome P450 reductase;MGDSHEDTSATVPEAVAEEVSLFSTTDIVLFSLIVGVLTYWFIFKKKKEEIPEFSKIQTTAPPVKESSFVEKMKKTGRNIIVFYGSQTGTAEEFANRLSKDAHRYGMRGMSADPEEYDLADLSSLPEIDKSLVVFCMATYGEGDPTDNAQDFYDWLQETDVDLTGVKFAVFGLGNKTYEHFNAMGKYVDQRLEQLGAQRIFELGLGDDDGNLEEDFITWREQFWPAVCEFFGVEATGEESSIRQYELVVHEDMDTAKVYTGEMGRLKSYENQKPPFDAKNPFLAAVTTNRKLNQGTERHLMHLELDISDSKIRYESGDHVAVYPANDSTLVNQIGEILGADLDVIMSLNNLDEESNKKHPFPCPTTYRTALTYYLDITNPPRTNVLYELAQYASEPSEQEHLHKMASSSGEGKELYLSWVVEARRHILAILQDYPSLRPPIDHLCELLPRLQARYYSIASSSKVHPNSVHICAVAVEYEAKSGRVNKGVATSWLRTKEPAGENGRRALVPMFVRKSQFRLPFKPTTPVIMVGPGTGVAPFMGFIQERAWLREQGKEVGETLLYYGCRRSDEDYLYREELARFHKDGALTQLNVAFSREQAHKVYVQHLLKRDKEHLWKLIHEGGAHIYVCGDARNMAKDVQNTFYDIVAEFGPMEHTQAVDYVKKLMTKGRYSLDVWS
Q6F7S9;30S ribosomal protein S5;MAKVEQNEGLVEKLVAVDRVAKVVKGGRIFSFTALTVVGDGNGRVGFGRGKAREVPAAISKALEAARRNMITVDLAGTTLQHPVNARHGASRVYMQPASEGTGVIAGGAMRAVLEAAGVHNVLAKCYGSTNAANVVNATFKGLRDMTSPEKVAAKRGLSVEQIQG
Q8XCX9;Biosynthetic arginine decarboxylase;MSDDMSMGLPSSAGEHGVLRSMQEVAMSSQEASKMLRTYNIAWWGNNYYDVNELGHISVCPDPDVPEARVDLAQLVKTREAQGQRLPALFCFPQILQHRLRSINAAFKRARESYGYNGDYFLVYPIKVNQHRRVIESLIHSGEPLGLEAGSKAELMAVLAHAGMTRSVIVCNGYKDREYIRLALIGEKMGHKVYLVIEKMSEIAIVLDEAERLNVVPRLGVRARLASQGSGKWQSSGGEKSKFGLAATQVLQLVETLREAGRLDSLQLLHFHLGSQMANIRDIATGVRESARFYVELHKLGVNIQCFDVGGGLGVDYEGTRSQSDCSVNYGLNEYANNIIWAIGDACEENGLPHPTVITESGRAVTAHHTVLVSNIIGVERNEYTVPTAPAEDAPRALQSMWETWQEMHEPGTRRSLREWLHDSQMDLHDIHIGYSSGTFSLQERAWAEQLYLSMCHEVQKQLDPQNRAHRPIIDELQERMADKMYVNFSLFQSMPDAWGIDQLFPVLPLEGLDQVPERRAVLLDITCDSDGAIDHYIDGDGIATTMPMPEYDPENPPMLGFFMVGAYQEILGNMHNLFGDTEAVDVFVFPDGSVEVELSDEGDTVADMLQYVQLDPKTLLTQFRDQVKKTDLDAELQQQFLEEFEAGLYGYTYLEDE
P08684;Cytochrome P450 3A4;MALIPDLAMETWLLLAVSLVLLYLYGTHSHGLFKKLGIPGPTPLPFLGNILSYHKGFCMFDMECHKKYGKVWGFYDGQQPVLAITDPDMIKTVLVKECYSVFTNRRPFGPVGFMKSAISIAEDEEWKRLRSLLSPTFTSGKLKEMVPIIAQYGDVLVRNLRREAETGKPVTLKDVFGAYSMDVITSTSFGVNIDSLNNPQDPFVENTKKLLRFDFLDPFFLSITVFPFLIPILEVLNICVFPREVTNFLRKSVKRMKESRLEDTQKHRVDFLQLMIDSQNSKETESHKALSDLELVAQSIIFIFAGYETTSSVLSFIMYELATHPDVQQKLQEEIDAVLPNKAPPTYDTVLQMEYLDMVVNETLRLFPIAMRLERVCKKDVEINGMFIPKGVVVMIPSYALHRDPKYWTEPEKFLPERFSKKNKDNIDPYIYTPFGSGPRNCIGMRFALMNMKLALIRVLQNFSFKPCKETQIPLKLSLGGLLQPEKPVVLKVESRDGTVSGA
P0A6B3;Acyl carrier protein;MSTIEERVKKIIGEQLGVKQEEVTNNASFVEDLGADSLDTVELVMALEEEFDTEIPDEEAEKITTVQAAIDYINGHQA
P0A7T1;30S ribosomal protein S13;MARIAGINIPDHKHAVIALTSIYGVGKTRSKAILAAAGIAEDVKISELSEGQIDTLRDEVAKFVVEGDLRREISMSIKRLMDLGCYRGLRHRRGLPVRGQRTKTNARTRKGPRKPIKK
P33260;Cytochrome P450 2C18;MDPAVALVLCLSCLFLLSLWRQSSGRGRLPSGPTPLPIIGNILQLDVKDMSKSLTNFSKVYGPVFTVYFGLKPIVVLHGYEAVKEALIDHGEEFSGRGSFPVAEKVNKGLGILFSNGKRWKEIRRFCLMTLRNFGMGKRSIEDRVQEEARCLVEELRKTNASPCDPTFILGCAPCNVICSVIFHDRFDYKDQRFLNLMEKFNENLRILSSPWIQVCNNFPALIDYLPGSHNKIAENFAYIKSYVLERIKEHQESLDMNSARDFIDCFLIKMEQEKHNQQSEFTVESLIATVTDMFGAGTETTSTTLRYGLLLLLKYPEVTAKVQEEIECVVGRNRSPCMQDRSHMPYTDAVVHEIQRYIDLLPTNLPHAVTCDVKFKNYLIPKGTTIITSLTSVLHNDKEFPNPEMFDPGHFLDKSGNFKKSDYFMPFSAGKRMCMGEGLARMELFLFLTTILQNFNLKSQVDPKDIDITPIANAFGRVPPLYQLCFIPV
P39451;Alcohol dehydrogenase, propanol-preferring;MKAAVVTKDHHVDVTYKTLRSLKHGEALLKMECCGVCHTDLHVKNGDFGDKTGVILGHEGIGVVAEVGPGVTSLKPGDRASVAWFYEGCGHCEYCNSGNETLCRSVKNAGYSVDGGMAEECIVVADYAVKVPDGLDSAAASSITCAGVTTYKAVKLSKIRPGQWIAIYGLGGLGNLALQYAKNVFNAKVIAIDVNDEQLKLATEMGADLAINSHTEDAAKIVQEKTGGAHAAVVTAVAKAAFNSAVDAVRAGGRVVAVGLPPESMSLDIPRLVLDGIEVVGSLVGTRQDLTEAFQFAAEGKVVPKVALRPLADINTIFTEMEEGKIRGRMVIDFRH
P57308;Cell division protein FtsZ;MFEPSELSNNAIIKVIGVGGGGSNAVEHMVRERIEGVEFFAINTDAQALRKIEVGQTIQIGNNITKGLGAGANPEIGRTSAEEDKELLKSALDGSDMVFIAAGMGGGTGTGAAPVVAEIAKELGILTVAVVTKPFNFEGKKRMIVAEQGIIELSKYVDSLIIIPNDKLLKVLSRGISLLDAFSAANNVLKGAVQGIAELITRPGLMNVDFADVRTVMLEMGYAMMGTGISSGENRAEEASEIAISSPLLEDIDLSGARGVLVNITAGFDLKLDEFETVGNTIRSFSSDHATVVIGTSLDPDMNDTLRVTVVATGIGMEKNLDVNQIKNKSSREVLMDYRYQYLNISPKKTDKKIIKKEIKNTKEKINKEPEYLDIPSFLRKRAD
P00760;Cationic trypsin;MKTFIFLALLGAAVAFPVDDDDKIVGGYTCGANTVPYQVSLNSGYHFCGGSLINSQWVVSAAHCYKSGIQVRLGEDNINVVEGNEQFISASKSIVHPSYNSNTLNNDIMLIKLKSAASLNSRVASISLPTSCASAGTQCLISGWGNTKSSGTSYPDVLKCLKAPILSDSSCKSAYPGQITSNMFCAGYLEGGKDSCQGDSGGPVVCSGKLQGIVSWGSGCAQKNKPGVYTKVCNYVSWIKQTIASN
P0AAC2;Universal stress protein E;MAMYQNMLVVIDPNQDDQPALRRAVYLHQRIGGKIKAFLPIYDFSYEMTTLLSPDERTAMRQGVISQRTAWIHEQAKYYLNAGVPIEIKVVWHNRPFEAIIQEVISGGHDLVLKMAHQHDRLEAVIFTPTDWHLLRKCPSPVWMVKDQPWPEGGKALVAVNLASEEPYHNALNEKLVKETIELAEQVNHTEVHLVGAYPVTPINIAIELPEFDPSVYNDAIRGQHLLAMKALRQKFGINENMTHVEKGLPEEVIPDLAEHLQAGIVVLGTVGRTGISAAFLGNTAEQVIDHLRCDLLVIKPDQYQTPVELDDEEDD
P37759;dTDP-glucose 4,6-dehydratase 1;MKILVTGGAGFIGSAVVRHIINNTQDSVVNVDKLTYAGNRESLADVSDSERYVFEHADICDAPAMARIFAQHQPDAVMHLAAESHVDRSITGPAAFIETNIVGTYVLLEAARNYWSALDSDKKNSFRFHHISTDEVYGDLPHPDEVNNTEELPLFTETTAYAPSSPYSASKASSDHLVRAWKRTYGLPTIVTNCSNNYGPYHFPEKLIPLVILNALEGKALPIYGKGDQIRDWLYVEDHARALYTVVTEGKAGETYNIGGHNEKKNIDVVLTICDLLDEIVPKEKSYREQITYVADRPGHDRRYAIDAEKIGRALGWKPQETFESGIRKTVEWYLSNTKWVDNVKSGAYQSWIEQNYEGRQ
A8ALY7;Peptide chain release factor 3;MTLSPYLQEVAKRRTFAIISHPDAGKTTITEKVLLFGQAIQTAGTVKGRGSSQHAKSDWMEMEKQRGISITTSVMQFPYHDCLVNLLDTPGHEDFSEDTYRTLTAVDCCLMVIDAAKGVEDRTRKLMEVTRLRDTPILTFMNKLDRDIRDPMELLDEVENELKIGCAPITWPIGCGKLFKGVYHLYKDETYLYQTGKGHTIQEVRIVKGLDNPELDAAVGEDLAQQLRDELELVQGASNEFDHELFLAGEITPVFFGTALGNFGVDHMLDGLVEWAPAPMPRQTDTRTVEAKEEKFTGFVFKIQANMDPKHRDRVAFMRVVSGKYEKGMKMRQVRIGKDVVISDALTFMAGDRSHVEEAYPGDILGLHNHGTIQIGDTFTQGEMMKFTGIPNFAPELFRRIRLKDPLKQKQLLKGLVQLSEEGAVQVFRPIANNDLIVGAVGVLQFDVVVARLKSEYNVEAIYESVNVATARWVECTDAKKFEEFKRKNEVQLALDGGDNLTYIAPTMVNLNLTQERYPDVQFRKTREH
P0A9S6;Glycerol dehydrogenase;MDRIIQSPGKYIQGADVINRLGEYLKPLAERWLVVGDKFVLGFAQSTVEKSFKDAGLVVEIAPFGGECSQNEIDRLRGIAETAQCGAILGIGGGKTLDTAKALAHFMGVPVAIAPTIASTDAPCSALSVIYTDEGEFDRYLLLPNNPNMVIVDTKIVAGAPARLLAAGIGDALATWFEARACSRSGATTMAGGKCTQAALALAELCYNTLLEEGEKAMLAAEQHVVTPALERVIEANTYLSGVGFESGGLAAAHAVHNGLTAIPDAHHYYHGEKVAFGTLTQLVLENAPVEEIETVAALSHAVGLPITLAQLDIKEDVPAKMRIVAEAACAEGETIHNMPGGATPDQVYAALLVADQYGQRFLQEWE
P39377;Isoaspartyl dipeptidase;MIDYTAAGFTLLQGAHLYAPEDRGICDVLVANGKIIAVASNIPSDIVPNCTVVDLSGQILCPGFIDQHVHLIGGGGEAGPTTRTPEVALSRLTEAGVTSVVGLLGTDSISRHPESLLAKTRALNEEGISAWMLTGAYHVPSRTITGSVEKDVAIIDRVIGVKCAISDHRSAAPDVYHLANMAAESRVGGLLGGKPGVTVFHMGDSKKALQPIYDLLENCDVPISKLLPTHVNRNVPLFEQALEFARKGGTIDITSSIDEPVAPAEGIARAVQAGIPLARVTLSSDGNGSQPFFDDEGNLTHIGVAGFETLLETVQVLVKDYDFSISDALRPLTSSVAGFLNLTGKGEILPGNDADLLVMTPELRIEQVYARGKLMVKDGKACVKGTFETA
P0AA45;Ribosomal small subunit pseudouridine synthase A;MRLDKFIAQQLGVSRAIAGREIRGNRVTVDGEIVRNAAFKLLPEHDVAYDGNPLAQQHGPRYFMLNKPQGYVCSTDDPDHPTVLYFLDEPVAWKLHAAGRLDIDTTGLVLMTDDGQWSHRITSPRHHCEKTYLVTLESPVADDTAEQFAKGVQLHNEKDLTKPAVLEVITPTQVRLTISEGRYHQVKRMFAAVGNHVVELHRERIGGITLDADLAPGEYRPLTEEEIASVV
P08839;Phosphoenolpyruvate-protein phosphotransferase;MISGILASPGIAFGKALLLKEDEIVIDRKKISADQVDQEVERFLSGRAKASAQLETIKTKAGETFGEEKEAIFEGHIMLLEDEELEQEIIALIKDKHMTADAAAHEVIEGQASALEELDDEYLKERAADVRDIGKRLLRNILGLKIIDLSAIQDEVILVAADLTPSETAQLNLKKVLGFITDAGGRTSHTSIMARSLELPAIVGTGSVTSQVKNDDYLILDAVNNQVYVNPTNEVIDKMRAVQEQVASEKAELAKLKDLPAITLDGHQVEVCANIGTVRDVEGAERNGAEGVGLYRTEFLFMDRDALPTEEEQFAAYKAVAEACGSQAVIVRTMDIGGDKELPYMNFPKEENPFLGWRAIRIAMDRREILRDQLRAILRASAFGKLRIMFPMIISVEEVRALRKEIEIYKQELRDEGKAFDESIEIGVMVETPAAATIARHLAKEVDFFSIGTNDLTQYTLAVDRGNDMISHLYQPMSPSVLNLIKQVIDASHAEGKWTGMCGELAGDERATLLLLGMGLDEFSMSAISIPRIKKIIRNTNFEDAKVLAEQALAQPTTDELMTLVNKFIEEKTIC
P0A9J9;P-protein;MTSENPLLALREKISALDEKLLALLAERRELAVEVGKAKLLSHRPVRDIDRERDLLERLITLGKAHHLDAHYITRLFQLIIEDSVLTQQALLQQHLNKINPHSARIAFLGPKGSYSHLAARQYAARHFEQFIESGCAKFADIFNQVETGQADYAVVPIENTSSGAINDVYDLLQHTSLSIVGEMTLTIDHCLLVSGTTDLSTINTVYSHPQPFQQCSKFLNRYPHWKIEYTESTSAAMEKVAQAKSPHVAALGSEAGGTLYGLQVLERIEANQRQNFTRFVVLARKAINVSDQVPAKTTLLMATGQQAGALVEALLVLRNHNLIMTRLESRPIHGNPWEEMFYLDIQANLESAEMQKALKELGEITRSMKVLGCYPSENVVPVDPT
A7ZSL4;Elongation factor Tu 1;MSKEKFERTKPHVNVGTIGHVDHGKTTLTAAITTVLAKTYGGAARAFDQIDNAPEEKARGITINTSHVEYDTPTRHYAHVDCPGHADYVKNMITGAAQMDGAILVVAATDGPMPQTREHILLGRQVGVPYIIVFLNKCDMVDDEELLELVEMEVRELLSQYDFPGDDTPIVRGSALKALEGDAEWEAKILELAGFLDSYIPEPERAIDKPFLLPIEDVFSISGRGTVVTGRVERGIIKVGEEVEIVGIKETQKSTCTGVEMFRKLLDEGRAGENVGVLLRGIKREEIERGQVLAKPGTIKPHTKFESEVYILSKDEGGRHTPFFKGYRPQFYFRTTDVTGTIELPEGVEMVMPGDNIKMVVTLIHPIAMDDGLRFAIREGGRTVGAGVVAKVLG
P0ADG8;Inosine-5'-monophosphate dehydrogenase;MLRIAKEALTFDDVLLVPAHSTVLPNTADLSTQLTKTIRLNIPMLSAAMDTVTEARLAIALAQEGGIGFIHKNMSIERQAEEVRRVKKHESGVVTDPQTVLPTTTLREVKELTERNGFAGYPVVTEENELVGIITGRDVRFVTDLNQPVSVYMTPKERLVTVREGEAREVVLAKMHEKRVEKALVVDDEFHLIGMITVKDFQKAERKPNACKDEQGRLRVGAAVGAGAGNEERVDALVAAGVDVLLIDSSHGHSEGVLQRIRETRAKYPDLQIIGGNVATAAGARALAEAGCSAVKVGIGPGSICTTRIVTGVGVPQITAVADAVEALEGTGIPVIADGGIRFSGDIAKAIAAGASAVMVGSMLAGTEESPGEIELYQGRSYKSYRGMGSLGAMSKGSSDRYFQSDNAADKLVPEGIEGRVAYKGRLKEIIHQQMGGLRSCMGLTGCGTIDELRTKAEFVRISGAGIQESHVHDVTITKESPNYRLGS
A8AQJ8;30S ribosomal protein S5;MAHIEKQAGELQEKLIAVNRVSKTVKGGRIFSFTALTVVGDGNGRVGFGYGKAREVPAAIQKAMEKARRNMINVALNNGTLQHPVKGVHTGSRVFMQPASEGTGIIAGGAMRAVLEVAGVHNVLAKAYGSTNPINVVRATIDGLENMNSPEMVAAKRGKSVEEILGK
Q3A9R3;Elongation factor Tu 1;MAKAKFERVKPHVNIGTIGHVDHGKTTLTAAITTVLAKRGLAQQKRYDEIDNAPEERERGITINTAHVEYETEKRHYAHVDCPGHADYVKNMITGAAQMDGAILVVSAADGPMPQTREHILLARQVGVPYIVVFLNKADMVDDPELMELVEMEVRDLLSTYEFPGDEVPVVAGSALKALECGCGKEDCPWCGKILELMDKVDEYIPTPQRDVDKPFLMPVEDVFTITGRGTVATGRVERGRITIGEEVEIVGLMDAPRKTVVTGLEMFRKVLDEAVAGDNIGALLRGVDRKEIERGQVLAKPGTIKPHRKFFAEVYVLTKEEGGRHTPFFNGYRPQFYFRTTDVTGVIHLPEGVEMVMPGDNVKIHIELITPIAIEEGLRFAIREGGRTVGAGVVTAIEE
P56590;Cytochrome P450 1A1;MMSMFRLSIPISASELLLASTVFCLVLWVVKAWQPRLPKGLKSPPGPWGWPVLGNVLTLGKSPHLALSRLSQRYGDVLQIRIGSTPVLVLSGLDTIRQALVRQGDDFKGRPDLYSFSLVTDGQSLTFSPDSGPVWAARRRLAQNALKSFSIASDPASSCSCYLEEHVSKEAEVLLSRLQEQMAEVGRFDPYRYIVVSVANVICAMCFSKRYDHDDQELLSLVNLSNEFGEGVASANPLDFFPILRYLPNPALDFFKDLNKRFYSFMQKMVKEHYKTFEKGQIRDVTDSLIEHCQDKRLDENANIQLSDEKIVNVVLDLFGAGFDTVTTAISWSLLYLVTNPNVQKKIQKELDTVIGRARQPRLSDRPQLPYMEAFILETFRHASFVPFTIPHSTTRDTSLSGFYIPKGRCVFVNQWQINHDQKLWGNPSEFQPERFLTLDGTINKALSEKVILFGLGKRKCIGETIARLEVFLFLAILLQQVEFSVPEGTKVDMTPIYGLTMKHARCEHFQVRVRTEGAESPAA
P04798;Cytochrome P450 1A1;MLFPISMSATEFLLASVIFCLVFWVIRASRPQVPKGLKNPPGPWGWPLIGHMLTLGKNPHLALSRMSQQYGDVLQIRIGSTPVVVLSGLDTIRQALVRQGDDFKGRPDLYTFTLISNGQSMSFSPDSGPVWAARRRLAQNGLKSFSIASDPASSTSCYLEEHVSKEAEVLISTLQELMAGPGHFNPYRYVVVSVTNVICAICFGRRYDHNHQELLSLVNLNNNFGEVVGSGNPADFIPILRYLPNPSLNAFKDLNEKFYSFMQKMVKEHYKTFEKGHIRDITDSLIEHCQEKQLDENANVQLSDEKIINIVLDLFGAGFDTVTTAISWSLMYLVMNPRVQRKIQEELDTVIGRSRRPRLSDRSHLPYMEAFILETFRHSSFVPFTIPHSTTRDTSLKGFYIPKGRCVFVNQWQINHDQKLWVNPSEFLPERFLTPDGAIDKVLSEKVIIFGMGKRKCIGETIARWEVFLFLAILLQRVEFSVPLGVKVDMTPIYGLTMKHACCEHFQMQLRS
A8AKU0;50S ribosomal protein L7/L12;MSITKDQIIEAVSAMSVMDVVELISAMEEKFGVSAAAAVAVAAGPVEAAEEKTEFDVILKAAGANKVAVIKAVRGATGLGLKEAKDLVESAPAALKEGVSKDDAEALKKSLEEAGAEVEVK
B7UML3;D-ribose pyranase;MKKGTVLNSDISSVISRLGHTDTLVVCDAGLPIPKSTTRIDMALTQGVPSFMQVLGVVTNEMQVEAVIIAEEIKQHNPQLHETLLTHLEHLQKHQGNTIEIRYTTHEQFKQQTAESQAVIRSGECSPYANIILCAGVTF
P0AFG5;2-oxoglutarate dehydrogenase E1 component;MQNSALKAWLDSSYLSGANQSWIEQLYEDFLTDPDSVDANWRSTFQQLPGTGVKPDQFHSQTREYFRRLAKDASRYSSTISDPDTNVKQVKVLQLINAYRFRGHQHANLDPLGLWQQDKVADLDPSFHDLTEADFQETFNVGSFASGKETMKLGELLEALKQTYCGPIGAEYMHITSTEEKRWIQQRIESGRATFNSEEKKRFLSELTAAEGLERYLGAKFPGAKRFSLEGGDALIPMLKEMIRHAGNSGTREVVLGMAHRGRLNVLVNVLGKKPQDLFDEFAGKHKEHLGTGDVKYHMGFSSDFQTDGGLVHLALAFNPSHLEIVSPVVIGSVRARLDRLDEPSSNKVLPITIHGDAAVTGQGVVQETLNMSKARGYEVGGTVRIVINNQVGFTTSNPLDARSTPYCTDIGKMVQAPIFHVNADDPEAVAFVTRLALDFRNTFKRDVFIDLVCYRRHGHNEADEPSATQPLMYQKIKKHPTPRKIYADKLEQEKVATLEDATEMVNLYRDALDAGDCVVAEWRPMNMHSFTWSPYLNHEWDEEYPNKVEMKRLQELAKRISTVPEAVEMQSRVAKIYGDRQAMAAGEKLFDWGGAENLAYATLVDEGIPVRLSGEDSGRGTFFHRHAVIHNQSNGSTYTPLQHIHNGQGAFRVWDSVLSEEAVLAFEYGYATAEPRTLTIWEAQFGDFANGAQVVIDQFISSGEQKWGRMCGLVMLLPHGYEGQGPEHSSARLERYLQLCAEQNMQVCVPSTPAQVYHMLRRQALRGMRRPLVVMSPKSLLRHPLAVSSLEELANGTFLPAIGEIDELDPKGVKRVVMCSGKVYYDLLEQRRKNNQHDVAIVRIEQLYPFPHKAMQEVLQQFAHVKDFVWCQEEPLNQGAWYCSQHHFREVIPFGASLRYAGRPASASPAVGYMSVHQKQQQDLVNDALNVE
A1K436;60 kDa chaperonin 1;MAAKEVKFGDSARERMVAGVNVLANAVKVTLGPKGRNVVLERSFGAPTVTKDGVSVAKEIELKDKFENMGAQMVKEVASKTSDIAGDGTTTATVLAQSIVREGMKFVAAGMNPMDLKRGIDKAVVATIEELKKLSKPCSTNKEIAQVGSISANSDADIGGIIAQAMEKVGKEGVITVEDGKSLNNELDVVEGMQFDRGYLSPYFINNPDKQVAILENPFVLLFDKKISNIRDLLPVLEQVAKAGRPLLIIAEDVDGEALATLVVNNIRGILKTCAVKAPGFGDRRKAMLEDIAILTGGQVIAEEVGLTLEKATLQDLGQAKRIEIGKENTIIIDGAGEASRIEARVKQIRVQIEEATSDYDREKLQERVAKLAGGVAVIKVGAATEVEMKEKKARVEDALHATRAAVEEGIVPGGGVALLRARASLAGLKGDNHDQDAGIKIVLRAMEQPLREIVANAGDEASVVVNKVVEGSGNFGYNAATGEYGDMVEMGVLDPTKVTRTALQNAASVASLMLTTDCMVGELAEDKPAGGMPGMGGMGGMGGMDMGM
Q8XEG2;Glutamine--fructose-6-phosphate aminotransferase [isomerizing];MCGIVGAIAQRDVAEILLEGLRRLEYRGYDSAGLAVVDAEGHMTRLRRLGKVQMLAQAAEEHPLHGGTGIAHTRWATHGEPSEVNAHPHVSEHIVVVHNGIIENHEPLREELKARGYTFVSETDTEVIAHLVNWELKQGGTLREAVLRAIPQLRGAYGTVIMDSRHPDTLLAARSGSPLVIGLGMGENFIASDQLALLPVTRRFIFLEEGDIAEITRRSVNIFDKTGAEVKRQDIESNLQYDAGDKGIYRHYMQKEIYEQPNAIKNTLTGRISHGQVDLSELGPNADELLSKVEHIQILACGTSYNSGMVSRYWFESLAGIPCDVEIASEFRYRKSAVRRNSLMITLSQSGETADTLAGLRLSKELGYLGSLAICNVPGSSLVRESDLALMTNAGTEIGVASTKAFTTQLTVLLMLVAKLSRLKGLDASIEHDIVHGLQALPSRIEQMLSQDKRIEALAEDFSDKHHALFLGRGDQYPIALEGALKLKEISYIHAEAYAAGELKHGPLALIDADMPVIVVAPNNELLEKLKSNIEEVRARGGQLYVFAEQDAGFVSSDNMHIIEMPHVEEVIAPIFYTVPLQLLAYHVALIKGTDVDQPRNLAKSVTVE
P25888;ATP-dependent RNA helicase RhlE;MSFDSLGLSPDILRAVAEQGYREPTPIQQQAIPAVLEGRDLMASAQTGTGKTAGFTLPLLQHLITRQPHAKGRRPVRALILTPTRELAAQIGENVRDYSKYLNIRSLVVFGGVSINPQMMKLRGGVDVLVATPGRLLDLEHQNAVKLDQVEILVLDEADRMLDMGFIHDIRRVLTKLPAKRQNLLFSATFSDDIKALAEKLLHNPLEIEVARRNTASDQVTQHVHFVDKKRKRELLSHMIGKGNWQQVLVFTRTKHGANHLAEQLNKDGIRSAAIHGNKSQGARTRALADFKSGDIRVLVATDIAARGLDIEELPHVVNYELPNVPEDYVHRIGRTGRAAATGEALSLVCVDEHKLLRDIEKLLKKEIPRIAIPGYEPDPSIKAEPIQNGRQQRGGGGRGQGGGRGQQQPRRGEGGAKSASAKPAEKPSRRLGDAKPAGEQQRRRRPRKPAAAQ
P04264;Keratin, type II cytoskeletal 1;MSRQFSSRSGYRSGGGFSSGSAGIINYQRRTTSSSTRRSGGGGGRFSSCGGGGGSFGAGGGFGSRSLVNLGGSKSISISVARGGGRGSGFGGGYGGGGFGGGGFGGGGFGGGGIGGGGFGGFGSGGGGFGGGGFGGGGYGGGYGPVCPPGGIQEVTINQSLLQPLNVEIDPEIQKVKSREREQIKSLNNQFASFIDKVRFLEQQNQVLQTKWELLQQVDTSTRTHNLEPYFESFINNLRRRVDQLKSDQSRLDSELKNMQDMVEDYRNKYEDEINKRTNAENEFVTIKKDVDGAYMTKVDLQAKLDNLQQEIDFLTALYQAELSQMQTQISETNVILSMDNNRSLDLDSIIAEVKAQYEDIAQKSKAEAESLYQSKYEELQITAGRHGDSVRNSKIEISELNRVIQRLRSEIDNVKKQISNLQQSISDAEQRGENALKDAKNKLNDLEDALQQAKEDLARLLRDYQELMNTKLALDLEIATYRTLLEGEESRMSGECAPNVSVSVSTSHTTISGGGSRGGGGGGYGSGGSSYGSGGGSYGSGGGGGGGRGSYGSGGSSYGSGGGSYGSGGGGGGHGSYGSGSSSGGYRGGSGGGGGGSSGGRGSGGGSSGGSIGGRGSSSGGVKSSGGSSSVKFVSTTYSGVTR
Q4PJW3;Lanosterol 14-alpha demethylase;MLDLLQAGGSVLGQAMEQVTGGNLASMLLIACAFTLSLVYLFRLAVGHLAPPLPTGAKSPPYIVSPIPFLGHAIAFGKSPIEFLEDAYEKYGPVFSFTMVGKTFTYLLGSEAAALLFNSKNEDLNAEEVYSRLTTPVFGKGVAYDVPNTVFLEQKKMLKSGLNIAHFRQHVSIIEKETKEYFKSWGESGEKNLFEALSELIILTASHCLHGKEIRSQLNEKVAQLYADLDGGFSHAAWLLPGWLPLPSFRRRDRAHREIKNIFYKAIQKRRESGEKIDDILQTLLESTYKDGRPLTDDEVAGMLIGLLLAGQHTSSTTSAWMGFFLARDKTLQEKCFLEQKTVCGENLPPLTYDQLKDLNLLDRCIKETLRLRPPIMTMMRLAKTPLTVAGYTIPPGHQVCVSPTVNQRLKDSWVERLDFNPDRYLEDSPASGEKFAYVPFGAGRHRCIGENFAYVQIKTIWSTMLRLYEFDLIDGYFPTVNYTTMIHTPEKPIIRYKRRSK
P0ACK0;cAMP-activated global transcriptional regulator CRP;MVLGKPQTDPTLEWFLSHCHIHKYPSKSTLIHQGEKAETLYYIVKGSVAVLIKDEEGKEMILSYLNQGDFIGELGLFEEGQERSAWVRAKTACEVAEISYKKFRQLIQVNPDILMRLSAQMARRLQVTSEKVGNLAFLDVTGRIAQTLLNLAKQPDAMTHPDGMQIKITRQEIGQIVGCSRETVGRILKMLEDQNLISAHGKTIVVYGTR
A8ANQ3;Protein RecA;MAIDENKQKALAAALGQIEKQFGKGSIMRLGEDRSMDVETISTGSLSLDIALGAGGLPMGRIVEIYGPESSGKTTLTLQVIAAAQREGKTCAFIDAEHALDPIYARKLGVDIDNLLCSQPDTGEQALEICDALARSGAVDVIVVDSVAALTPKAEIEGEIGDSHMGLAARMMSQAMRKLAGNLKQSNTLLIFINQIRMKIGVMFGNPETTTGGNALKFYASVRLDIRRIGAVKEGENVVGSETRVKVVKNKIAAPFKQAEFQILYGEGINFYGELVDLGVKEKLIEKAGAWYSYNGEKIGQGKANATAWLKENPATAKEIEKKVRELLLSNQDSTPDFSVDDNGEGVKETNEDF
A8AQL3;30S ribosomal protein S19;MPRSLKKGPFIDLHLLKKVEKAVESGDKKPLRTWSRRSTIFPNMIGLTIAVHNGRQHVPVFVTDEMVGHKLGEFAPTRTYRGHAADKKAKKK
P63419;Uncharacterized N-acetyltransferase YhbS;MLIRVEIPIDAPGIDALLRRSFESDAEAKLVHDLREDGFLTLGLVATDDEGQVIGYVAFSPVDVQGEDLQWVGMAPLAVDEKYRGQGLARQLVYEGLDSLNEFGYAAVVTLGDPALYSRFGFELAAHHDLRCRWPGTESAFQVHRLADDALNGVTGLVEYHEHFNRF
Q82TV8;Chaperone protein HtpG;MQTAENIEHLNFQAEANQLLKLMIHSLYSNKEIFLRELISNASDAADKLRFEGLSDAALYESDPDLKIRIAYDKEARTITIIDNGIGMSRQEVINNIGTIAKSGTREFFDSLTGDQAKDANLIGQFGVGFYSAFIVADKVTLTTRRAGLTIEHGVRWESGGEGEYTLETVEKPDRGTEIVLHLREGEDELLSSFQLRSIIRKYSDHITLPIVMKKEVWDDESKSYRLSDEDETINQASAIWARPKNEITQEQYDEFYKHVAHDFEPPLAHVHARVEGKQEYIQLLYIPAHAPFDLFDREHRHGLKLYVRRVFIMDDAEKLLPGYLRFVRGIIDSSDLPLNVSREILQESKDIDSIRAGSVKKVLGLIEDLAMSDKSEDQEKFKTFWREFGQVLKEGIAEDYSNRERIAKLLRFTSTHDEREEQTVSLDDYIARMKPEQEKIYYITADGLKAAQSSPHLEIFRKKGIEVLLLCDRIDEWLVANLNEYTGKSLQSIAKGNLDLGKLEDEEEKKEHEKEAGDFQELTNKMKEVLGEQVKDVRITYRLTESPACLVADTHDVSGNLGRLLKSAGQKVPDSKPFLEINPHHPMIQRLKYEEAKFADWSHILFDQALLAEGGQLEDPAGFVKRLNDLLLQNILSGK
P00168;Cytochrome b5 (Fragment);SDEAVKYYTLEEIQKHNHSKSTWLILHHKVYDLTKFLEEHPGGEEVLREQAGGDATEDFEDVGHSTDARELSKTYIIGELHPDDRPK
A0KPF9;Carbon storage regulator homolog;MLILTRRVGETLMIGDEVTVTVLGVKGNQVRIGVNAPKEVSVHREEIYQRIQAEKVPGQSGF
A3N3T8;50S ribosomal protein L27;MATKKAGGSTRNGRDSEAKRLGVKRFGGESVLAGSIIVRQRGTKFHAGNNVGMGKDHTLFATADGKVKFEVKGEKNRKYVSIVAE
A8ALC1;30S ribosomal protein S2;MATVSMRDMLKAGVHFGHQTRYWNPKMKPFIFGARNKVHIINLEKTVPMFNEALAELNKIASRKGKILFVGTKRAASEAVKDAANSCDQFFVNHRWLGGMLTNWKTVRQSIKRLKDLETQSQDGTFEKLTKKEALMRTRELEKLENSLGGIKDMGGLPDALFVIDADHEHIAIKEANNLGIPVFAIVDTNSDPDGVDFVIPGNDDAIRAVSLYLGAVAATVREGRSQDLASQAEESFVEAE
B7MCM0;Molecular chaperone Hsp31 and glyoxalase 3;MTVQKSKNPQVDIAEDNAFFPSEYSLSQYTSPVSDLDGVDYPKPYRGKHKILVIAADERYLPTDNGKLFSTGNHPIETLLPLYHLHAAGFEFEVATISGLMTKFEYWAMPHKDEKVMPFFEQHKSLFRNPKKLADVVASLNADSEYAAIFVPGGHGALIGLPESEDVAAALQWAIENDRFVISLCHGPAAFLALRHGDNPLNGYSICAFPDAADKQTPEIGYMPGHLTWYFGEELKKMGMNIINDDITGRVHKDRKVLTGDSPFAANALGKLAAQEMLAAYAG
A8AIW9;DNA protection during starvation protein;MSTAKLVKTKASNLLYTRNDVSDSDKKATVELLNRQVIQFIDLSLITKQAHWNMRGANFIAVHEMLDGFRTALTDHLDTMAERAVQLGGVALGTTQVINSKTPLKSYPLDIHSVQDHLKELADRYSVVANDVRKAISEAKDEDTADIFTAASRDLDKFLWFIEANIE
A7MMB9;10 kDa chaperonin;MNIRPLHDRVIVKRKEIESKSAGGIVLTGSAAGKSTRGEVLAVGNGRILENGEVKPLDVKVGDIVIFNDGYGVKTEKLDDQEVLIMSESDILAIVEA
P63710;Steroid C26-monooxygenase;MSWNHQSVEIAVRRTTVPSPNLPPGFDFTDPAIYAERLPVAEFAELRSAAPIWWNGQDPGKGGGFHDGGFWAITKLNDVKEISRHSDVFSSYENGVIPRFKNDIAREDIEVQRFVMLNMDAPHHTRLRKIISRGFTPRAVGRLHDELQERAQKIAAEAAAAGSGDFVEQVSCELPLQAIAGLLGVPQEDRGKLFHWSNEMTGNEDPEYAHIDPKASSAELIGYAMKMAEEKAKNPADDIVTQLIQADIDGEKLSDDEFGFFVVMLAVAGNETTRNSITQGMMAFAEHPDQWELYKKVRPETAADEIVRWATPVTAFQRTALRDYELSGVQIKKGQRVVMFYRSANFDEEVFQDPFTFNILRNPNPHVGFGGTGAHYCIGANLARMTINLIFNAVADHMPDLKPISAPERLRSGWLNGIKHWQVDYTGRCPVAH
P9WPM6;Putative cytochrome P450 136;MATIHPPAYLLDQAKRRFTPSFNNFPGMSLVEHMLLNTKFPEKKLAEPPPGSGLKPVVGDAGLPILGHMIEMLRGGPDYLMFLYKTKGPVVFGDSAVLPGVAALGPDAAQVIYSNRNKDYSQQGWVPVIGPFFHRGLMLLDFEEHMFHRRIMQEAFVRSRLAGYLEQMDRVVSRVVADDWVVNDARFLVYPAMKALTLDIASMVFMGHEPGTDHELVTKVNKAFTITTRAGNAVIRTSVPPFTWWRGLRARELLENYFTARVKERREASGNDLLTVLCQTEDDDGNRFSDADIVNHMIFLMMAAHDTSTSTATTMAYQLAAHPEWQQRCRDESDRHGDGPLDIESLEQLESLDLVMNESIRLVTPVQWAMRQTVRDTELLGYYLPKGTNVIAYPGMNHRLPEIWTDPLTFDPERFTEPRNEHKRHRYAFTPFGGGVHKCIGMVFDQLEIKTILHRLLRRYRLELSRPDYQPRWDYSAMPIPMDGMPIVLRPR
A0KGY6;Bifunctional polymyxin resistance protein ArnA;MKVVVFAYHDIGCTGIEALLEAGYEIQAVFTHADDPGENRFFGSVAQLCAEHNLPVYSPEDVNHPLWIERIRELAPQALFSFYYRNMLKQAILDIPTVGAFNLHGSLLPAYRGRAPINWCLVNGEAETGITLHQMTAKPDAGAIVAQQAVTIADDDTALTLHGKVRLAARALLEQELPKLRAGDIRLTPQDESKASYYGRRTPADGELHWHRPARELHNLVRAVTQPYPGAFSFAGDRKLTVWKSHWLAQQSDKQPGTILSQEPLRIACGEGVLEIVAGQAEGGLYVRGAQLARELGLVEGMKIGAKASNALRKARLTRVLILGVNGFIGNHLTERLLQDGGYEVYGLDIGSSAVDRFIGHPNFHFVEGDISIHTEWIEYHIKKCDVILPLVAIATPIEYTRNPLRVFELDFEENLKIVRYCVKYHKRIIFPSTSEVYGMCDDHSFDEDSSRLIVGPINKQRWIYSVSKQLLDRVIWAYGKKEGLNFTLFRPFNWMGPRLDSLDSARIGSSRAITQLILNLVDGTPIQLVDGGAQKRCFTDIEDGIEALFRIIENKENRCDGQIINIGNPDNEASIQQMAEILLAKFEAHPLRDHFPPFAGFKLVESKSFYGDGYQDVSHRRPSIANARRLLDWEPTIEMEETIGNTLDFFLQGAVTTGVEHD
P0AGJ3;tRNA (guanosine(18)-2'-O)-methyltransferase;MNPTRYARICEMLARRQPDLTVCMEQVHKPHNVSAIIRTADAVGVHEVHAVWPGSRMRTMASAAAGSNSWVQVKTHRTIGDAVAHLKGQGMQILATHLSDNAVDFREIDYTRPTCILMGQEKTGITQEALALADQDIIIPMIGMVQSLNVSVASALILYEAQRQRQNAGMYLRENSMLPEAEQQRLLFEGGYPVLAKVAKRKGLPYPHVNQQGEIEADADWWATMQAAG
A7ZNR4;D-tagatose-1,6-bisphosphate aldolase subunit GatZ;MKTLIARHKAGEHIGICSVCSAHPLVIEAALAFDRNSTRKVLIEATSNQVNQFGGYTGMTPADFREFVFTIADKVGFARERIILGGDHLGPNCWQQENADAAMEKSVELVKEYVRAGFSKIHLDASMSCAGDPIPLAPETVAERAAVLCFAAESVATDCQREQLSYVIGTEVPVPGGEASAIQSVHITHVEDAANTLRTHQKAFIARGLTEALTRVIAIVVQPGVEFDHSNIIHYQPQEAQPLAQWIENTRMVYEAHSTDYQTRTAYWELVRDHFAILKVGPALTFALREAIFALAQIEQELIAPENRSGCLAVIEEVMLDEPQYWKKYYRTGFNDSLLDIRYSLSDRIRYYWPHSRIKNSVETMMVNLEGVDIPLGMISQYLPKQFERIQSGELSAIPHQLIMDKIYDVLRAYRYGCAE
Q30X13;Elongation factor Tu;MGKEKFERTKPHVNIGTIGHIDHGKTTLTAAITKIASLKMGSKAVAYDEIDKAPEEKERGITIATAHVEYETTLRHYAHVDCPGHADYIKNMITGAAQMDGAIIVVAATDGPMPQTREHILLARQVGVPSIVVFLNKCDMVDDEELLELVELEVRELLSSYDFPGDDTPVIRGSALKALECDSADDDAAKPILELLDACDSYIPEPERDTDKPFLMPIEDVFSISGRGTVVTGRVERGIIKVGEQIEIVGIKDTMTTTCTGVEMFRKLLDQGQAGDNVGVLLRGVKRDDVERGQVLAAPKSITPHKKFKAEVYVLSKEEGGRHTPFFSGYRPQFYFRTTDITGIIGLEEGVEMVMPGDNATFIVELIHPVAMEQGLRFAIREGGRTVGAGVVSEILE
A7ZPV7;Histidine--tRNA ligase;MAKNIQAIRGMNDYLPGETAIWQRIEGTLKNVLGSYGYSEIRLPIVEQTPLFKRAIGEVTDVVEKEMYTFEDRNGDSLTLRPEGTAGCVRAGIEHGLLYNQEQRLWYIGPMFRHERPQKGRYRQFHQLGCEVFGLQGPDIDAELIMLTARWWRALGISEHVTLELNSIGSLEARANYRDALVAFLEQHKEKLDEDCKRRMYTNPLRVLDSKNPEVQALLNDAPALGDYLDEESREHFAGLCKLLESAGIAYTVNQRLVRGLDYYNRTVFEWVTNSLGSQGTVCAGGRYDGLVEQLGGRATPAVGFAMGLERLVLLVQAVNPEFKADPVVDIYLVASGADTQSAAMALAERLRDELPGVKLMTNHGGGNFKKQFARADKWGARVAVVLGESEVANGTAVVKDLRSGEQTAVAQDSVAAHLRTLLG
A8AKW0;Soluble pyridine nucleotide transhydrogenase;MPHSWDYDAIVIGSGPGGEGAAMGLVKQGARVAVIERYHNVGGGCTHWGTIPSKALRHAVSRIIEFNQNPLYSDHSRLLRSSFADILNHADNVINQQTRMRQGFYERNHCEILQGNAHFVDENTLALECHDGTVETLTAEKFVIACGSRPYHPADVDFAHPRIYDSDSILSLHHEPRHVIIYGAGVIGCEYASIFRGMDVKVDLINTRDRLLAFLDQEMSDSLSYHFWNSGVVIRHNEEYEKIEGCDDGVIMHLKSGKKLKADCLLYANGRTGNTDSLALGNIGLETDSRGQLKVNSMYQTALPHIYAVGDVIGYPSLASAAYDQGRIAAQALVKGEATAHLIEDIPTGIYTIPEISSVGKTEQQLTAMKVPYEVGRAQFKHLARAQIVGMNVGTLKILFHRETKEILGIHCFGERAAEIIHIGQAIMEQKGGGNTIEYFVNTTFNYPTMAEAYRVAALNGLNRLF
Q9HB55;Cytochrome P450 3A43;MDLIPNFAMETWVLVATSLVLLYIYGTHSHKLFKKLGIPGPTPLPFLGTILFYLRGLWNFDRECNEKYGEMWGLYEGQQPMLVIMDPDMIKTVLVKECYSVFTNQMPLGPMGFLKSALSFAEDEEWKRIRTLLSPAFTSVKFKEMVPIISQCGDMLVRSLRQEAENSKSINLKDFFGAYTMDVITGTLFGVNLDSLNNPQDPFLKNMKKLLKLDFLDPFLLLISLFPFLTPVFEALNIGLFPKDVTHFLKNSIERMKESRLKDKQKHRVDFFQQMIDSQNSKETKSHKALSDLELVAQSIIIIFAAYDTTSTTLPFIMYELATHPDVQQKLQEEIDAVLPNKAPVTYDALVQMEYLDMVVNETLRLFPVVSRVTRVCKKDIEINGVFIPKGLAVMVPIYALHHDPKYWTEPEKFCPERFSKKNKDSIDLYRYIPFGAGPRNCIGMRFALTNIKLAVIRALQNFSFKPCKETQIPLKLDNLPILQPEKPIVLKVHLRDGITSGP
P27250;Aldehyde reductase Ahr;MSMIKSYAAKEAGGELEVYEYDPGELRPQDVEVQVDYCGICHSDLSMIDNEWGFSQYPLVAGHEVIGRVVALGSAAQDKGLQVGQRVGIGWTARSCGHCDACISGNQINCEQGAVPTIMNRGGFAEKLRADWQWVIPLPENIDIESAGPLLCGGITVFKPLLMHHITATSRVGVIGIGGLGHIAIKLLHAMGCEVTAFSSNPAKEQEVLAMGADKVVNSRDPQALKALAGQFDLIINTVNVSLDWQPYFEALTYGGNFHTVGAVLTPLSVPAFTLIAGDRSVSGSATGTPYELRKLMRFAARSKVAPTTELFPMSKINDAIQHVRDGKARYRVVLKADF
P57395;30S ribosomal protein S1;MNESFAQLFEESLKEIKTRPGSIIRGTIVSIEKDMVLVDAGLKSESAIPVEQFQNSQGLLDIQVGDQIDVALDAIEDGFGETLLSREKAKRHEAWLILEKAHEKSETVIGIINGKVKGGFTVELNDIRAFLPGSLVDVRPVRDTIHLEGKELEFKVIKLDQKRNNVVVSRRAVIESENSAERDQLLENLQEGMHVKGIVKNLTDYGAFVDLGGVDGLLHITDMAWKRVKHPSEIVNVGDEINIKILKFDRERTRVSLGLKQLGEDPWIAISKRYPEETKLSGRVTNLTDYGCFVEIEEGVEGLVHVSEMDWTNKNIHPSKVVTVNDVVEVMVLDIDEERRRISLGLKQCKINPWKEFSETHKKGVHVLGKIKSITDFGIFIGLNGGIDGLVHLSDISWTIPGEEAVVKYKKNDEISAVVLQVDAERERISLGIKQLEEDPFNTYIANHKKGAIITGIIKSLDKKNIIVKLPENLEGVIKLTEITRVYSETMINKLKIEDKILVKLSSFDRKNRIIYLTIHMIDEDEKKDLTAPSNNKTNDDSFSNVMTEAFKAAKNTE
P37985;30S ribosomal protein S1;MTESFAQLFEESLKEIETRPGSIVRGVVVAIDKDVVLVDAGLKSESAIPVEQFKNAQGEIEIQVGDEVDVALDAVEDGFGETLLSREKAKRHEAWLMLEKAYEESATVTGVINGKVKGGFTVELNGIRAFLPGSLVDVRPVRDTLHLEGKELEFKVIKLDQKRNNVVVSRRAVIESENSAERDQLLENLQEGMEVKGIVKNLTDYGAFVDLGGVDGLLHITDMAWKRVKHPSEIVNVGDEITVKVLKFDRERTRVSLGLKQLGEDPWVAIAKRYPEGTKLTGRVTNLTDYGCFVEIEEGVEGLVHVSEMDWTNKNIHPSKVVNVGDVVEVMVLDIDEERRRISLGLKQCKANPWQQFAETHNKGDRVEGKIKSITDFGIFIGLDGGIDGLVHLSDISWNVAGEEAVREYKKGDEIAAVVLQVDAERERISLGVKQLAEDPFNNYLSVNKKGAIVTGKVTAVDAKGATVELADGVEGYLRASEASRDRIEDATLVMSVGDEIEAKYTGVDRKNRVVSLSIRAKDEADEKDAIASVNNKQEEGNFSNAMAEAFKAAKGE
Q759W0;Lanosterol 14-alpha demethylase;MSESLLQTVVAYVELVLHHFMALSWTQQLSIVIVAPFIYSLVWQTLYSFRKDRVPLVPFMVPWVGSALAYGRAPYEFFGKCQQKYGDVFAFMLLGRVMTVYLGTKGHEFILNAKLAEVSAEEAYTKLTTPVFGEGVVYDCPNHRLMEQKKFCKNALSTEAFRRYVPMVMDEVRKYLRTSKHFMMNERSSGVVNVMETQPEMTIFTASRSLLGAEMHSMLDADFAYLYADLDKGFTPLNFVFRDLPLDNYRRRDNAQRTISSTYMKVIERRRKNNDVQDRDLIDALMTSAQYKDGVKMTDQQIANLLIGVLMGGQHTSAATSAWVLLHLAERPDIQEELYEEQMRVLDGGAKELTYELLQEMPLLNQVIKETLRMHHPLHSLFRKVTRDMPVPNTSYVIPKDHYVLASPGFCHLSEEYFPNAKEFNPHRWDNDAASSVSTGEKVDYGFGAISKGVSSPYLPFGGGRHRCIGEGFAYMQLGTIFSVVVRSMKWHFPADMKGVPNPDFTSMVTLPSEPCRIAWERRVPDQII
P0A8N6;Lysine--tRNA ligase, heat inducible;MSEQETRGANEAIDFNDELRNRREKLAALRQQGVAFPNDFRRDHTSDQLHEEFDAKDNQELESLNIEVSVAGRMMTRRIMGKASFVTLQDVGGRIQLYVARDSLPEGVYNDQFKKWDLGDIIGARGTLFKTQTGELSIHCTELRLLTKALRPLPDKFHGLQDQEVRYRQRYLDLIANDKSRQTFVVRSKILAAIRQFMVARGFMEVETPMMQVIPGGASARPFITHHNALDLDMYLRIAPELYLKRLVVGGFERVFEINRNFRNEGISVRHNPEFTMMELYMAYADYHDLIELTESLFRTLAQEVLGTTKVTYGEHVFDFGKPFEKLTMREAIKKYRPETDMADLDNFDAAKALAESIGITVEKSWGLGRIVTEIFDEVAEAHLIQPTFITEYPAEVSPLARRNDVNPEITDRFEFFIGGREIGNGFSELNDAEDQAERFQEQVNAKAAGDDEAMFYDEDYVTALEYGLPPTAGLGIGIDRMIMLFTNSHTIRDVILFPAMRPQK
P0A9P5;Thioredoxin reductase;MGTTKHSKLLILGSGPAGYTAAVYAARANLQPVLITGMEKGGQLTTTTEVENWPGDPNDLTGPLLMERMHEHATKFETEIIFDHINKVDLQNRPFRLNGDNGEYTCDALIIATGASARYLGLPSEEAFKGRGVSACATCDGFFYRNQKVAVIGGGNTAVEEALYLSNIASEVHLIHRRDGFRAEKILIKRLMDKVENGNIILHTNRTLEEVTGDQMGVTGVRLRDTQNSDNIESLDVAGLFVAIGHSPNTAIFEGQLELENGYIKVQSGIHGNATQTSIPGVFAAGDVMDHIYRQAITSAGTGCMAALDAERYLDGLADAK
P0AD13;Protein YeeZ;MKKVAIVGLGWLGMPLAMSLSARGWQVTGSKTTQDGVEAARMSGIDSYLLRMEPELVCDSDDLDALMDADALVITLPARRSGPGDEFYLQAVQELVDSALAHRIPRIIFTSSTSVYGDAQGTVKETTPRNPVTNSGRVLEELEDWLHNLPGTSVDILRLAGLVGPGRHPGRFFAGKTAPDGEHGVNLVHLEDVIGAITLLLQAPKGGHIYNICAPAHPARNVFYPQMARLLGLEPPQFRNSLDSGKGKIIDGSRICNELGFEYQYPDPLVMPLE
P17888;Primosomal protein N';MPVAHVALPVPLPRTFDYLLPEGMTVKAGCRVRVPFGKQQERIGIVVSVSDASELPLNELKAVVEVLDSEPVFTHSVWRLLLWAADYYHHPIGDVLFHALPILLRQGRPAANAPMWYWFATEQGQAVDLNSLKRSPKQQQALAALRQGKIWRDQVATLEFNDAALQALRKKGLCDLASETPEFSDWRTNYAVSGERLRLNTEQATAVGAIHSAADTFSAWLLAGVTGSGKTEVYLSVLENVLAQGKQALVMVPEIGLTPQTIARFRERFNAPVEVLHSGLNDSERLSAWLKAKNGEAAIVIGTRSALFTPFKNLGVIVIDEEHDSSYKQQEGWRYHARDLAVYRAHSEQIPIILGSATPALETLCNVQQKKYRLLRLTRRAGNARPAIQHVLDLKGQKVQAGLAPALITRMRQHLQADNQVILFLNRRGFAPALLCHDCGWIAECPRCDHYYTLHQAQHHLRCHHCDSQRPVPRQCPSCGSTHLVPVGLGTEQLEQTLAPLFPGVPISRIDRDTTSRKGALEQQLAEVHRGGARILIGTQMLAKGHHFPDVTLVALLDVDGALFSADFRSAERFAQLYTQVAGRAGRAGKQGEVVLQTHHPEHPLLQTLLYKGYDAFAEQALAERRMMQLPPWTSHVIVRAEDHNNQHAPLFLQQLRNLILSSPLADEKLWVLGPVPALAPKRGGRWRWQILLQHPSRVRLQHIINGTLALINTIPDSRKVKWVLDVDPIEG
A8ILV4;60 kDa chaperonin 1;MAAKEVKFAGEAREKMLRGVDILANAVKVTLGPKGRNVVIEKSFGAPRITKDGVSVAKEIELEDKFENLGAQLVREVASKTNDLAGDGTTTATVLAQAIVKEGAKAVAAGMNPMDLKRGIDLATAAAVKDIQARAKKVSSSAEVAQVGTISANGDSSIGEMIAGAMQKVGNEGVITVEEAKTAETELEVVEGMQFDRGYLSPYFITNAEKMIADLEDPFLLIFEKKLSGLQPILPVLEAVVQSGKPLVIVAEDVEGEALATLVVNKLRGGLKVAAVKAPGFGDRRKAMLEDIAILTGGQVISEDLGIKLENVTLAQLGRAKKVILEKEKTTIVDGVGEKAEIEARVAQIKAQIEETSSDYDREKLQERLAKLAGGVAVIRVGGSTEVEVKEKKDRVDDALNATRAAVEEGIVPGGGVALLRAKKAVEALSSENPDIAAGIKIVLRALEAPIRQIAENSGVEGSIVVGKVLESEGNFGFNAQTEQYVDLVAEGVVDPAKVVRTALQDASSVASLLVTTEALIAELPKKDAGMPAMPGGGMGGMGGMDF
A7ZRW7;Ribosomal RNA large subunit methyltransferase G;MSHLDNGFRSLTLQRFPATDDVNPLQAWEAADEYLLQQLDDTEIRGPVLILNDAFGALSCALAEHKPYSIGDSYISELATRENLRLNGIDESSVKFLDSTADYPQQPGVVLIKVPKTLALLEQQLRALRKVVTSDTRIIAGAKARDIHTSTLELFEKVLGPTTTTLAWKKARLINCTFNEPPLADAPQTVSWKLEGTDWTIHNHANVFSRTGLDIGARFFMQHLPENLEGEIVDLGCGNGVIGLTLLDKNPQAKVVFVDESPMAVASSRMNVETNMPEALDRCEFMINNALSGVKPFRFNAVLCNPPFHQQHALTDNVAWEMFHHARRCLKINGELYIVANRHLDYFHKLKKIFGNCTTIATNNKFVVLKTVKLGRRR
P0A9U5;Uncharacterized ABC transporter ATP-binding protein YbiT;MLVSSNVTMQFGSKPLFENISVKFGGGNRYGLIGANGSGKSTFMKILGGDLEPTLGNVSLDPNERIGKLRQDQFAFEEFTVLDTVIMGHKELWEVKQERDRIYALPEMSEEDGYKVADLEVKYGEMDGYSAEARAGELLLGVGIPVEQHYGPMSEVAPGWKLRVLLAQALFADPDILLLDEPTNNLDIDTIRWLEQVLNERDSTMIIISHDRHFLNMVCTHMADLDYGELRVYPGNYDEYMTAATQARERLLADNAKKKAQIAELQSFVSRFSANASKSRQATSRARQIDKIKLEEVKASSRQNPFIRFEQDKKLFRNALEVEGLTKGFDNGPLFKNLNLLLEVGEKLAVLGTNGVGKSTLLKTLVGDLQPDSGTVKWSENARIGYYAQDHEYEFENDLTVFEWMSQWKQEGDDEQAVRSILGRLLFSQDDIKKPAKVLSGGEKGRMLFGKLMMQKPNILIMDEPTNHLDMESIESLNMALELYQGTLIFVSHDREFVSSLATRILEITPERVIDFSGNYEDYLRSKGIE
P0ABI1;ATP-dependent Clp protease ATP-binding subunit ClpA;MLNQELELSLNMAFARAREHRHEFMTVEHLLLALLSNPSAREALEACSVDLVALRQELEAFIEQTTPVLPASEEERDTQPTLSFQRVLQRAVFHVQSSGRNEVTGANVLVAIFSEQESQAAYLLRKHEVSRLDVVNFISHGTRKDEPTQSSDPGSQPNSEEQAGGEERMENFTTNLNQLARVGGIDPLIGREKELERAIQVLCRRRKNNPLLVGESGVGKTAIAEGLAWRIVQGDVPEVMADCTIYSLDIGSLLAGTKYRGDFEKRFKALLKQLEQDTNSILFIDEIHTIIGAGAASGGQVDAANLIKPLLSSGKIRVIGSTTYQEFSNIFEKDRALARRFQKIDITEPSIEETVQIINGLKPKYEAHHDVRYTAKAVRAAVELAVKYINDRHLPDKAIDVIDEAGARARLMPVSKRKKTVNVADIESVVARIARIPEKSVSQSDRDTLKNLGDRLKMLVFGQDKAIEALTEAIKMARAGLGHEHKPVGSFLFAGPTGVGKTEVTVQLSKALGIELLRFDMSEYMERHTVSRLIGAPPGYVGFDQGGLLTDAVIKHPHAVLLLDEIEKAHPDVFNILLQVMDNGTLTDNNGRKADFRNVVLVMTTNAGVRETERKSIGLIHQDNSTDAMEEIKKIFTPEFRNRLDNIIWFDHLSTDVIHQVVDKFIVELQVQLDQKGVSLEVSQEARNWLAEKGYDRAMGARPMARVIQDNLKKPLANELLFGSLVDGGQVTVALDKEKNELTYGFQSAQKHKAEAAH
P33616;Cytochrome P450 1A1;MLFRISMSATEFLLASLIFCLVFWVIRASRPRVPKGLKNPPGPWGWPLIGHILTLGKNPHLALSRMSQRYGDVLQIRIGSTPVLVLSGLDTIRQALVQQGDDFKGRPNLYSFTLISNGQSMSFGPDSGPVWAARRRLAQNGLKSFSIASDPASSSSCYLEEHVSKEAEVLISKLQEQMAGPGHFNPYRYVVISVANVICAICFGQRYDHNHQELLSLVNLSNNFGEVVGSGNPADFIPILRYLPNRSLNGFKDLNEKFHSFMQKMIKEHYKTFEKGYIRDITDSLIEHCQEKQLDENANIQLSDEKIVNVVLDLFGAGFDTVTTAISWSLMYLVTNPRVQRKIQEELDTVIGRSRRPRLSDRSHLPYMEAFILETFRHSSFVPFTIPHSTTRDTSLKGFYIPKGRCVFVNQWQINHDQKLWVNPSEFLPERFITPDGAIDKVLSEKVILFGLGKRKCIGETIARWEVFLFLAILLQRVEFSVPPGVKVDMTPIYGLTMKHACCEHFQMQLRS
B7UKA5;33 kDa chaperonin;MPQHDQLHRYLFENFAVRGELVTVSETLQQILENHDYPQPVKNVLAELLVATSLLTATLKFDGDITVQLQGDGPMNLAVINGNNNQQMRGVARVQGEIPENADLKTLVGNGYVVITITPSEGERYQGVVGLEGDTLAACLEDYFMRSEQLPTRLFIRTGDVDGKPAAGGMLLQVMPAQNAQQDDFDHLATLTETIKTEELLTLPANEVLWRLYHEEEVTVYDPQDVEFKCTCSRERCADALKTLPDEEVDSILAEDGEIDMHCDYCGNHYLFNAMDIAEIRNNASPADPQVH
P0A9A8;Cell division protein FtsZ;MFEPMELTNDAVIKVIGVGGGGGNAVEHMVRERIEGVEFFAVNTDAQALRKTAVGQTIQIGSGITKGLGAGANPEVGRNAADEDRDALRAALEGADMVFIAAGMGGGTGTGAAPVVAEVAKDLGILTVAVVTKPFNFEGKKRMAFAEQGITELSKHVDSLITIPNDKLLKVLGRGISLLDAFGAANDVLKGAVQGIAELITRPGLMNVDFADVRTVMSEMGYAMMGSGVASGEDRAEEAAEMAISSPLLEDIDLSGARGVLVNITAGFDLRLDEFETVGNTIRAFASDNATVVIGTSLDPDMNDELRVTVVATGIGMDKRPEITLVTNKQVQQPVMDRYQQHGMAPLTQEQKPVAKVVNDNAPQTAKEPDYLDIPAFLRKQAD
Q59176;10 kDa chaperonin;MKIRPLHDRVLVKRNEAELKSAGGIVLTGSAAAKSTRGTITAVGNGRVLDNGQIKPLDVKVGDVVIFNEGYGAKTEKIDNEELLILNESDILAIVE
Q8XCX2;NADH-quinone oxidoreductase subunit G;MATIHVDGKEYEVNGADNLLEACLSLGLDIPYFCWHPALGSVGACRQCAVKQYQNAEDTRGRLVMSCMTPASDGTFISIDDEEAKQFRESVVEWLMTNHPHDCPVCEEGGNCHLQDMTVMTGHSFRRYRFTKRTHRNQDLGPFISHEMNRCIACYRCVRYYKDYADGTDLGVYGAHDNVYFGRPEDGTLESEFSGNLVEICPTGVFTDKTHSERYNRKWDMQFAPSICQQCSIGCNISPGERYGELRRIENRYNGTVNHYFLCDRGRFGYGYVNLKDRPRQPVQRRGDDFITLNAEQAMQGAADILRQSKKVIGIGSPRASVESNFALRELVGEENFYTGIAHGEQERLQLALKVLREGGIYTPALREIESYDAVLVLGEDVTQTGARVALAVRQAVKGKAREMAAAQKVADWQIAAILNIGQRAKHPLFVTNVDDTRLDDIAAWTYRAPVEDQARLGFAIAHALDNSAPAVDGIEPELQSKIDVIVQALAGAKKPLIISGTNAGSLEVIQAAANVAKALKGRGADVGITMIARSVNSMGLGIMGGGSLEEALTELETGRADAVVVLENDLHRHASATRVNAALAKAPLVMVVDHQRTAIMENAHLVLSAASFAESDGTVINNEGRAQRFFQVYDPAYYDSKTVMLESWRWLHSLHSTLLSREVDWTQLDHVIDAVVAKIPELAGIKDAAPDATFRIRGQKLAREPHRYSGRTAMRANISVHEPRQPQDIDTMFTFSMEGNNQPTAHRSQVPFAWAPGWNSPQAWNKFQDEVGGKLRFGDPGVRLFETSENGLDYFTSVPARFQPQDGKWRIAPYYHLFGSDELSQRAPVFQCRMPQPYIKLNPADAAKLGVNAGTRVSFSYDGNTVTLPVEIAEGLTAGQVGLPMGMSGIAPVLAGAHLEDLKEAQQ
P00171;Cytochrome b5;MAEESSKAVKYYTLEEIQKHNNSKSTWLILHYKVYDLTKFLEEHPGGEEVLREQAGGDATENFEDVGHSTDARELSKTFIIGELHPDDRSKITKPSESIITTIDSNPSWWTNWLIPAISALFVALIYHLYTSEN
P37349;PTS-dependent dihydroxyacetone kinase, phosphotransferase subunit DhaM;MVNLVIVSHSSRLGEGVGELARQMLMSDSCKIAIAAGIDDPQNPIGTDAVKVMEAIESVADADHVLVMMDMGSALLSAETALELLAPEIAAKVRLCAAPLVEGTLAATVSAASGADIDKVIFDAMHALEAKREQLGLPSSDTEISDTCPAYDEEARSLAVVIKNRNGLHVRPASRLVYTLSTFNADMLLEKNGKCVTPESINQIALLQVRYNDTLRLIAKGPEAEEALIAFRQLAEDNFGETEEVAPPTLRPVPPVSGKAFYYQPVLCTVQAKSTLTVEEEQDRLRQAIDFTLLDLMTLTAKAEASGLDDIAAIFSGHHTLLDDPELLAAASELLQHEHCTAEYAWQQVLKELSQQYQQLDDEYLQARYIDVDDLLHRTLVHLTQTKEELPQFNSPTILLAENIYPSTVLQLDPAVVKGICLSAGSPVSHSALIARELGIGWICQQGEKLYAIQPEETLTLDVKTQRFNRQG
P0AFG9;Pyruvate dehydrogenase E1 component;MSERFPNDVDPIETRDWLQAIESVIREEGVERAQYLIDQLLAEARKGGVNVAAGTGISNYINTIPVEEQPEYPGNLELERRIRSAIRWNAIMTVLRASKKDLELGGHMASFQSSATIYDVCFNHFFRARNEQDGGDLVYFQGHISPGVYARAFLEGRLTQEQLDNFRQEVHGNGLSSYPHPKLMPEFWQFPTVSMGLGPIGAIYQAKFLKYLEHRGLKDTSKQTVYAFLGDGEMDEPESKGAITIATREKLDNLVFVINCNLQRLDGPVTGNGKIINELEGIFEGAGWNVIKVMWGSRWDELLRKDTSGKLIQLMNETVDGDYQTFKSKDGAYVREHFFGKYPETAALVADWTDEQIWALNRGGHDPKKIYAAFKKAQETKGKATVILAHTIKGYGMGDAAEGKNIAHQVKKMNMDGVRHIRDRFNVPVSDADIEKLPYITFPEGSEEHTYLHAQRQKLHGYLPSRQPNFTEKLELPSLQDFGALLEEQSKEISTTIAFVRALNVMLKNKSIKDRLVPIIADEARTFGMEGLFRQIGIYSPNGQQYTPQDREQVAYYKEDEKGQILQEGINELGAGCSWLAAATSYSTNNLPMIPFYIYYSMFGFQRIGDLCWAAGDQQARGFLIGGTSGRTTLNGEGLQHEDGHSHIQSLTIPNCISYDPAYAYEVAVIMHDGLERMYGEKQENVYYYITTLNENYHMPAMPEGAEEGIRKGIYKLETIEGSKGKVQLLGSGSILRHVREAAEILAKDYGVGSDVYSVTSFTELARDGQDCERWNMLHPLETPRVPYIAQVMNDAPAVASTDYMKLFAEQVRTYVPADDYRVLGTDGFGRSDSRENLRHHFEVDASYVVVAALGELAKRGEIDKKVVADAIAKFNIDADKVNPRLA
A7ZUC9;ATP-dependent 6-phosphofructokinase isozyme 1;MIKKIGVLTSGGDAPGMNAAIRGVVRSALTEGLEVMGIYDGYLGLYEDRMVQLDRYSVSDMINRGGTFLGSARFPEFRDENIRAVAIENLKKRGIDALVVIGGDGSYMGAMRLTEMGFPCIGLPGTIDNDIKGTDYTIGFFTALSTVVEAIDRLRDTSSSHQRISVVEVMGRYCGDLTLAAAIAGGCEFVVVPEVEFSREDLVNEIKAGIAKGKKHAIVAITEHMCDVDELAHFIEKETGRETRATVLGHIQRGGSPVPYDRILASRMGAYAIDLLLAGYGGRCVGIQNEQLVHHDIIDAIENMKRPFKGDWLDCAKKLY
P21599;Pyruvate kinase II;MSRRLRRTKIVTTLGPATDRDNNLEKVIAAGANVVRMNFSHGSPEDHKMRADKVREIAAKLGRHVAILGDLQGPKIRVSTFKEGKVFLNIGDKFLLDANLGKGEGDKEKVGIDYKGLPADVVPGDILLLDDGRVQLKVLEVQGMKVFTEVTVGGPLSNNKGINKLGGGLSAEALTEKDKADIKTAALIGVDYLAVSFPRCGEDLNYARRLARDAGCDAKIVAKVERAEAVCSQDAMDDIILASDVVMVARGDLGVEIGDPELVGIQKALIRRARQLNRAVITATQMMESMITNPMPTRAEVMDVANAVLDGTDAVMLSAETAAGQYPSETVAAMARVCLGAEKIPSINVSKHRLDVQFDNVEEAIAMSAMYAANHLKGVTAIITMTESGRTALMTSRISSGLPIFAMSRHERTLNLTALYRGVTPVHFDSANDGVAAASEAVNLLRDKGYLMSGDLVIVTQGDVMSTVGSTNTTRILTVE
Q89B04;Phosphoenolpyruvate-protein phosphotransferase;MISGILASPGITFGKALLLKNEILSINYKKISNQDIHQEVKKFINGKNKTICQLQEIKNKTQQKFENTQSNIFEGHIMLLEDDEFQQKIISLIQDRNISSEYATKIIIEEHAKTLEQLNDEYLKNRAIDIQDIGNRLLKNILNIDIKDLNNIKNPVILIARDLTPSETAQINLKKVLGFITDLGGQTSHTSIIARSLELPAIVGTKNITEKAKNDDFIILDSINNKISINPSLEEIHRIKQKKKKYESEKKLLIESKNLYAITKDKHKVEIGANISTIQDINNAKKYGAECIGLYRTEFLFMNRNYLPSEEEQFNTYKTIAEEMKNKSIIIRTMDVGGDKNISYMNIPKEENPFLGWRAIRIAIDRKEILHAQLKAILRASAFGKLRIMFPMIISVEEVRTLQYELEKLKQLLHHQKIPFNAKIEVGIMIETPASAIIAHHLAQEVDFFSIGSNDLTQYTLAVDRGNDLISHLYNPMSPSVLSLIQQVINASHKVGKWTGMCGELAGDEKATLLLLGMGLDEFSMSAATIPKIKKIIRESTFLDVKKLAKKVLLQPTYNEVNNTINTFININNKNK
Q8Z3X8;Lysine--tRNA ligase;MSEQNAQGADEVVDLNNEMKARREKLAALREQGIPFPNDFRRDRTSDQLHAEFDAKEAEELEALNIEVSVAGRMMTRRIMGKASFVTLQDVGGRIQLYVARDDLPEGVYNEQFKKWDLGDILGAKGKLFKTKTGELSIHCTELRLLTKALRPLPDKFHGLQDQEARYRQRYLDLISNDESRNTFKTRSKILAGIRQFMVARGFMEVETPMMQVIPGGASARPFITHHNALDLDMYLRIAPELYLKRLVVGGFERVFEINRNFRNEGISVRHNPEFTMMELYMAYADYKDLIELTESLFRTLAQDVLGTTQVPYGDEVFDFGKPFEKLTMHEAIKKYRPETDMADLDNFDSAKAIAESIGIHVEKSWGLGRIVTEIFDEVAEAHLIQPTFITEYPAEVSPLARRNDVNPEITDRFEFFIGGREIGNGFSELNDAEDQAQRFLDQVNAKAAGDDEAMFYDEDYVTALEHGLPPTAGLGIGIDRMVMLFTNSHTIRDVILFPAMRPVK
P00393;NADH dehydrogenase;MTTPLKKIVIVGGGAGGLEMATQLGHKLGRKKKAKITLVDRNHSHLWKPLLHEVATGSLDEGVDALSYLAHARNHGFQFQLGSVIDIDREAKTITIAELRDEKGELLVPERKIAYDTLVMALGSTSNDFNTPGVKENCIFLDNPHQARRFHQEMLNLFLKYSANLGANGKVNIAIVGGGATGVELSAELHNAVKQLHSYGYKGLTNEALNVTLVEAGERILPALPPRISAAAHNELTKLGVRVLTQTMVTSADEGGLHTKDGEYIEADLMVWAAGIKAPDFLKDIGGLETNRINQLVVEPTLQTTRDPDIYAIGDCASCPRPEGGFVPPRAQAAHQMATCAMNNILAQMNGKPLKNYQYKDHGSLVSLSNFSTVGSLMGNLTRGSMMIEGRIARFVYISLYRMHQIALHGYFKTGLMMLVGSINRVIRPRLKLH
A8ADJ2;Glutamate--tRNA ligase;MKIKTRFAPSPTGYLHVGGARTALYSWLFARNHGGEFVLRIEDTDLERSTPEAIEAIMDGMNWLSLEWDEGPYFQTKRFDRYNAVIDEMLEAGTAYKCYCSKERLEALREEQMAKGEKPRYDGRCRHGHEHHSDDEPCVVRFANPQDGSVIFDDQIRGSIEFSNQELDDLIIRRTDGSPTYNFCVVVDDWDMEITHVIRGEDHINNTPRQINILKALNAPVPVYAHVSMINGDDGKKLSKRHGAVSVMQYRDDGYLPEALLNYLVRLGWSSGDQEIFTREEMIKLFSLNAVSKSASAFNTDKLLWLNHHYINSLAPEYVATHLQWHIEQENIDTRNGPQLAELVKLLGERCKTLKEMAQSCRYFYEDFAEFDADAAKKHLRPVARQPLEVVRDKLAAITEWSAENVHHAIQATADELEVGMGKVGMPLRVAVTGAGQSPALDVTVHAIGKSRSIERINKALAFIAERENQQ
P0AEH7;Protein ElaB;MSNQFGDTRIDDDLTLLSETLEEVLRSSGDPADQKYVELKARAEKALDDVKKRVSQASDSYYYRAKQAVYRADDYVHEKPWQGIGVGAAVGLVLGLLLARR
A8ALJ8;Protein translocase subunit SecA;MLIKLLTKVFGSRNDRTLRRMRKAVGIINAMEPEMEKLSDDELKGKTAEFRVRLEKGESVESLIPEAFAVVREASKRVFGMRHFDVQLLGGMVLNDRCIAEMRTGEGKTLTATLPAYLNALSGKGVHVVTVNDYLAQRDAENNRPLFEFLGMSVGINLPGMPAPAKREAYAADITYGTNNEYGFDYLRDNMAFSPEERVQRKLHYALVDEVDSILIDEARTPLIISGPAEDSSEMYKKVNKIIPHLIRQEKEDSDTFQGEGHFSVDEKARQVNLTERGLVLIEELLVKEGIMDEGESLYSPGNIMLMHHVTAALRAHALFTRDVDYIVKDGEVIIVDEHTGRTMQGRRWSDGLHQAVEAKEGVEIQNENQTLASITFQNYFRLYEKLAGMTGTADTEAFEFSSIYKLDTVVVPTNRPMIRKDMPDLVYMTEAEKIQAIIEDIKERTANGQPVLVGTISIEKSEVVSNELTKAGIKHNVLNAKFHANEAAIVAQAGYPAAVTIATNMAGRGTDIVLGGSWQAEVAELENPTPEQIAQIKADWQVRHEAVLASGGLHIIGTERHESRRIDNQLRGRSGRQGDAGSSRFYLSMEDALMRIFASDRVSGMMRKLGMKPGEAIEHPWVTKAIANAQRKVESRNFDIRKQLLEYDDVANDQRRAIYTQRNELLDVSDVSETINSIREDVFKVTIDAYIPPQSLEEMWDIPGLQERLKNDFDLDMPIAEWLDKEPELHEETLRERILAHSIEVYQRKEEVVGAEMMRHFEKGVMLQTLDSLWKEHLAAMDYLRQGIHLRGYAQKDPKQEYKRESFSMFAAMLESLKYEVVSTLSKVQVRMPEEVEAMEQQRREEAERLAQMQQLSHQDDDSAAAAALAAQTGDRKVGRNDPCPCGSGKKYKQCHGRLS
P05176;Cytochrome P450 1A1;MVSDFGLPTFISATELLLASAVFCLVFWVAGASKPRVPKGLKRLPGPWGWPLLGHVLTLGKNPHVALARLSRRYGDVFQIRLGSTPVVVLSGLDTIKQALVRQGDDFKGRPDLYSFSFVTKGQSMIFGSDSGPVWAARRRLAQNALNSFSVASDPASSSSCYLEEHVSQEAENLISKFQELMAAVGHFDPYRYVVMSVANVICAMCFGRRYDHDDQELLSLVNLNDEFGKVAASGSPADFFLILRYLPNPALDTFKDLNERFYSFTQERVKEHCRSFEKGHIRDITDSLIKHYRVDRLDENANVQVSDEKTVGIVLDLFGAGFDTVTTAISWSLMYLVTKPRIQRKIQEELDAVVGRARRPRFSDRPQLPYLEAVIMETFRHTSFLPFTIPHSTTRDTSLGGFYIPKGRCVFVNQWQNNHDPELWGDPEAFRPERFLTPSGAVDKALTEKVLLFGLGKRKCIGETIGRLEVFLFLATLLQQVEFSVSPGTTVDMTPIYGLTMKHARCEHFQAKLRFEA
P00573;T7 RNA polymerase;MNTINIAKNDFSDIELAAIPFNTLADHYGERLAREQLALEHESYEMGEARFRKMFERQLKAGEVADNAAAKPLITTLLPKMIARINDWFEEVKAKRGKRPTAFQFLQEIKPEAVAYITIKTTLACLTSADNTTVQAVASAIGRAIEDEARFGRIRDLEAKHFKKNVEEQLNKRVGHVYKKAFMQVVEADMLSKGLLGGEAWSSWHKEDSIHVGVRCIEMLIESTGMVSLHRQNAGVVGQDSETIELAPEYAEAIATRAGALAGISPMFQPCVVPPKPWTGITGGGYWANGRRPLALVRTHSKKALMRYEDVYMPEVYKAINIAQNTAWKINKKVLAVANVITKWKHCPVEDIPAIEREELPMKPEDIDMNPEALTAWKRAAAAVYRKDKARKSRRISLEFMLEQANKFANHKAIWFPYNMDWRGRVYAVSMFNPQGNDMTKGLLTLAKGKPIGKEGYYWLKIHGANCAGVDKVPFPERIKFIEENHENIMACAKSPLENTWWAEQDSPFCFLAFCFEYAGVQHHGLSYNCSLPLAFDGSCSGIQHFSAMLRDEVGGRAVNLLPSETVQDIYGIVAKKVNEILQADAINGTDNEVVTVTDENTGEISEKVKLGTKALAGQWLAYGVTRSVTKRSVMTLAYGSKEFGFRQQVLEDTIQPAIDSGKGLMFTQPNQAAGYMAKLIWESVSVTVVAAVEAMNWLKSAAKLLAAEVKDKKTGEILRKRCAVHWVTPDGFPVWQEYKKPIQTRLNLMFLGQFRLQPTINTNKDSEIDAHKQESGIAPNFVHSQDGSHLRKTVVWAHEKYGIESFALIHDSFGTIPADAANLFKAVRETMVDTYESCDVLADFYDQFADQLHESQLDKMPALPAKGNLNLRDILESDFAFA
A8AQJ5;50S ribosomal protein L15;MRLNTLSPAEGSKKAGKRLGRGIGSGLGKTGGRGHKGQKSRSGGGVRRGFEGGQMPLYRRLPKFGFTSRKAAITAEVRLSDLAKVEGGVVDLNTLKAANIIGIQIEFAKVILAGEVTTPVTVRGLRVTKGARAAIEAAGGKIEE
O68926;Bacterioferritin;MKGDVKIINYLNKLLGNELVAINQYFLHARMFKNWGLTRLNDVEYHESIDEMKHADKYIERILFLEGIPNLQDLGKLGIGEDVEEMLRSDLRLELEGAKDLREAIAYADSVHDYVSRDMMIEILADEEGHIDWLETELDLIAKLGMQNYLQSQIKVTD
B3QWT5;UDP-N-acetylmuramoylalanine--D-glutamate ligase;MTHEEIKGKRCAIIGGKRSGIAAAKLLSRAGAYVFLSEKSVPENQATLESDLRAHGIECEFGQHSEEVFDADFAIISPGVPSSAPVIKQLERAQVPVYSEIELASWFCKAKIIAITGTDGKTTVTTLTKKIFEADGNENGYHAYALGNIGQPFSDTVESLSENDVAVIEISSFQLEHCTSFRPNVTVITNITPDHLDRYDGNIQKYAAAKYRIYQNQTASDWLIYNDDNEILHQHFTDPERRASLPMKLVALSLEKNLGDEYEHCAYKENGRLVLKLTNEKEWLIEENQISTKQFRGQHNIYNALTAAAAASALGIDKKFIEKSILSFEGVEHRLEFVRAVNQVDYINDSKATTVNALWYALDTVTPKIVLIAGGRDKGNDYTKVFSFVKEKVRAVVAIGESQEKVVQAFGNLTKVMKAFSLDEAVRLASQEAEAGDTVLLSPACASFDMFSNFETRGKLFKEAVMNL
B7NPN8;D-tagatose-1,6-bisphosphate aldolase subunit GatZ;MKTLIARHKAGEHIGICSVCSAHPLVIEAALAFDRNSTRKVLIEATSNQVNQFGGYTGMTPADFREFVFAIANKVGFARERIILGGDHLGPNCWQQENADAAMEKSVELVKAYVRAGFSKIHLDASMSCAGDPIPLAPETVAERAAVLCLAAESVATDCQREQLSYVIGTEVPVPGGEASAIQSVHITQVEDAANTLRTHQKAFIARGLAEALTRVIAIVVQPGVEFDHINIIHYQAQEAQALAQWIEKTKMVYEAHSTDYQTQAAYRELVRDHFAILKVGPALTFALREAVFALAQIEQELIAPENRSGCLAVIEEVMLDEPQYWKKYYRTGFHDSLLDIRYSLSDRIRYYWPHSRIKNSVETMMVNLEGVDIPLGMISQYLPKQFERIQSGELSAIPHQLIMDKIYDVLRAYRYGCAE
B7L8Y4;Molecular chaperone Hsp31 and glyoxalase 3;MTVQTSKNPQVDIAEDNAFFPSEYSLSQYTSPVSDLDGVDYPKPYRGKHKILVIAADERYLPTDNGKLFSTGNHPIETLLPLYHLHAAGFEFEVATISGLMTKFEYWAMPHKDEKVMPFFEQHKSLFRNPKKLADVVASLNADSEYAAIFVPGGHGTLIGLPESQDVAAALQWAIKNDRFVISLCHGPAAFLALRHGDNPLNGYSICAFPDAADKQTPEIGYMPGHLTWYFGEELKKMGMNIINDDITGRVHKDRKLLTGDSPFAANALGKLAAQEMLAAYAG
A7ZUE6;ATP-dependent protease ATPase subunit HslU;MSEMTPREIVSELDKHIIGQDNAKRSVAIALRNRWRRMQLNEELRHEVTPKNILMIGPTGVGKTEIARRLAKLANAPFIKVEATKFTEVGYVGKEVDSIIRDLTDAAVKMVRVQAIEKNRYRAEELAEERILDVLIPPAKNNWGQTEQQQEPSAARQAFRKKLREGQLDDKEIEIDLAAAPMGVEIMAPPGMEEMTSQLQSMFQNLGGQKQKARKLKIKDAMKLLIEEEAAKLVNPEELKQDAIDAVEQHGIVFIDEIDKICKRGESSGPDVSREGVQRDLLPLVEGCTVSTKHGMVKTDHILFIASGAFQIAKPSDLIPELQGRLPIRVELQALTTSDFERILTEPNASITVQYKALMATEGVNIEFTDSGIKRIAEAAWQVNESTENIGARRLHTVLERLMEEISYDASDLSGQTIIIDADYVSKHLDALVADEDLSRFIL
P0AF09;Protein mrp;MNEQSQAKSPEALRAMVAGTLANFQHPTLKHNLTTLKALHHVAWMDDTLHVELVMPFVWHSAFEELKEQCSAELLRITGAKAIDWKLSHNIATLKRVKNQPGINGVKNIIAVSSGKGGVGKSSTAVNLALALAAEGAKVGILDADIYGPSIPTMLGAENQRPTSPDGTHMAPIMSHGLATNSIGYLVTDDNAMVWRGPMASKALMQMLQETLWPDLDYLVLDMPPGTGDIQLTLAQNIPVTGAVVVTTPQDIALIDAKKGIVMFEKVEVPVLGIVENMSVHICSNCGHHEPIFGTGGAEKLAEKYHTQLLGQMPLHISLREDLDKGTPTVISRPESEFTAIYRQLADRVAAQLYWQGEVIPGEISFRAV
P00257;Adrenodoxin, mitochondrial;MAARLLRVASAALGDTAGRWRLLARPRAGAGGLRGSRGPGLGGGAVATRTLSVSGRAQSSSEDKITVHFINRDGETLTTKGKIGDSLLDVVVQNNLDIDGFGACEGTLACSTCHLIFEQHIFEKLEAITDEENDMLDLAYGLTDRSRLGCQICLTKAMDNMTVRVPDAVSDARESIDMGMNSSKIE
A7ZML6;Succinylornithine transaminase;MSQPITRENFDEWMIPVYAPAPFIPVRGEGSRLWDQQGKEYIDFAGGIAVNALGHAHPELREALNEQASKFWHTGNGYTNEPVLRLAKKLIDATFADRVFFCNSGAEANEAALKLARKFAHDRYGSHKSGIVAFKNAFHGRTLFTVSAGGQPAYSQDFAPLPADIRHAAYNDINSASALIDDSTCAVIVEPIQGEGGVVPASNAFLQGLRELCNRHNALLIFDEVQTGVGRTGELYAYMHYGVTPDLLTTAKALGGGFPVGALLATEECARVMTVGTHGTTYGGNPLASAVAGKVLELINTPEMLNGVKQRHDWFVERLNTINHRYGLFSEVRGLGLLIGCVLNADYAGQAKQISQEAAKAGVMVLIAGGNVVRFAPALNVSEEEVTTGLDRFAAACEHFVSRGSS
P84750;Ig kappa chain V region Mem5 (Fragment);DILMTQSQKFLSTSVGDRVSVTCKASQNVGTNVAWYQKKPGQSPKPLMYSASYRYSGVPDRFTGSGSGTDFTLTISNVQSEDLAEYFCQQFNRYPLTFGSGTKLELKRADAAPTVSIFPPS
A0KF21;50S ribosomal protein L3;MTIGLVGRKVGMTRIFTEDGVSIPVTVIEVEANRVTQVKSVETDGYNAIQVTTGAKKASRVTKPEAGHFAKAGVEAGRGLWEFRLNNGETFTVGSELKVDLLADVKLVDVTGTSKGKGFAGTVKRWNFRTQDMTHGNSLSHRVPGSIGQNQTPGRVFKGKKMAGHMGAERVTTQNLELVRVDAERNLLLIKGAVPGATNGNVIVKPAVKA
A3MZU3;Polyribonucleotide nucleotidyltransferase;MNPIVKQFKYGQHTVTLETGAIARQATAAVMASMDDTTVFVTVVAKKEVKEGQDFFPLTVDYQERTYAAGRIPGGFFKREGRPSEGETLIARLIDRPVRPLFPEGFFNEIQVIATVVSVNPQISPDLVAMIGASAALSLSGVPFNGPIGAARVGFINDQFVLNPTTSEQKISRLDLVVAGTDKAVLMVESEADILSEEQMLSAVVFGHQQQQVVIENIKEFVKEAGKPRWDWVAPEPNTALINQVKALAEARIGDAYRITEKQARYEQIDAIKADVIAQLTAQDETVSEGAIIDIITALESSIVRGRIIAGEPRIDGRTVDTVRALDICTGVLPRTHGSAIFTRGETQALAVATLGTERDAQIIDELTGEKSDRFLFHYNFPPYSVGETGRIGSPKRREIGHGRLAKRGVLAVMPTAEEFPYVVRVVSEITESNGSSSMASVCGASLALMDAGVPIKAAVAGIAMGLVKEEEKFVVLSDILGDEDHLGDMDFKVAGTREGVTALQMDIKIEGITPEIMQIALNQAKGARMHILSVMEQAIPAPRADISDFAPRIHTMKIDPKKIKDVIGKGGAVIRALTEETGTSIDIDDDGTVKIAATDNNAAKAVMARIEDIVAEVEVNAIYKGKVTRVVDFGAFVSILGGKEGLVHISQITNERVERVADYLSVGQEVTVKVVEIDRQNRIRLTMKDLNNDTPVAENVTEEAEVSSEQQAEI
Q6LM44;50S ribosomal protein L9;MQVILLDKIGNLGSLGDQVNVKSGYARNFLIPQGKVVMATKANVEMFETRRAELEAKVAEQRAASEARAEKLSALDAVVIASKAGDEGKLFGSIGTRDIADAITAAGEAVVKSEVRLPEGALRNIGEYEVSIQLNSDVFAKVNLTIVAAE
P58388;3-mercaptopyruvate sulfurtransferase;MSTTWFVGADWLAEHIDDPEIQIIDARMASPGQEDRNVAQEYLNGHIPGAVFFDIEALSDHTSPLPHMLPRPETFAVAMRELGVNQDKHLIVYDEGNLFSAPRAWWMLRTFGVEKVSILGGGLAGWQRDDLLLEEGAVELPEGEFNAAFNPEAVVKVTDVLLASHENTAQIIDARPAARFNAEVDEPRPGLRRGHIPGALNVPWTELVREGELKTTDELDAIFFGRGVSYDKPIIVSCGSGVTAAVVLLALATLDVPNVKLYDGAWSEWGARADLPVEPLK
A7ZPS4;4-hydroxy-tetrahydrodipicolinate synthase;MFTGSIVAIVTPMDEKGNVCRASLKKLIDYHVASGTSAIVSVGTTGESATLNHDEHADVVMMTLELADGRIPVIAGTGANATAEAISLTQRFNDSGIVGCLTVTPYYNRPSQEGLYQHFKAIAEHTDLPQILYNVPSRTGCDLLPETVGRLAKVKNIIGIKEATGNLTRVNQIKELVSDDFVLLSGDDASALDFMQLGGHGVISVTANVAARDMAQMCKLAAEGHFAEARVINQRLMPLHNKLFVEPNPIPVKWACKELGLVATDTLRLPMTPITDSGRETVRAALKHAGLL
P0AED2;Universal stress protein A;MAYKHILIAVDLSPESKVLVEKAVSMARPYNAKVSLIHVDVNYSDLYTGLIDVNLGDMQKRISEETHHALTELSTNAGYPITETLSGSGDLGQVLVDAIKKYDMDLVVCGHHQDFWSKLMSSARQLINTVHVDMLIVPLRDEEE
Q8X9Z2;UDP-N-acetylmuramoyl-L-alanyl-D-glutamate--2,6-diaminopimelate ligase;MADRNLRDLLAPWVPDAPSRALREMTLDSRVAAAGDLFVAVVGHQADGRRYIPQAIAQGVAAIIAEAKGEATDGEIREMHGVPVIYLSQLNERLSALAGRFYHEPSDNLRLVGVTGTNGKTTTTQLLAQWSQLLGETSAVMGTVGNGLLGKVIPTENTTGSAVDVQHELAGLVDQDATFCAMEVSSHGLVQHRVAALKFAASVFTNLSRDHLDYHGDMEHYEAAKWLLYSEHHCGQAIINADDEVGRRWLAKLPDAVAVSMEDHINPNCHGRWLKATEVNYHDSGATIRFSSSWGDGEIESHLMGAFNVSNLLLALATLLALGYPLADLLKTAARLQPVCGRMEVFTAPGKPTVVVDYAHTPDALEKALQAARLHCAGKLWCVFGCGGDRDKGKRPLMGAIAEEFADVAVVTDDNPRTEEPRAIINDILAGMLDAGHAKVMEDRAEAVTCAVMQAKENDVVLVAGKGHEDYQIVGNQRLDYSDRVTVARLLGVIA
B4RYQ8;Elongation factor Tu;MAKEKFERTKPHVNVGTIGHVDHGKTTLTAAITTVLSKTYGGSAQAFDQIDNAPEEKARGITISTSHVEYDTPTRHYAHVDCPGHADYVKNMITGAAQMDGGILVVAATDGPMPQTREHILLGRQVGIPYIIVFMNKCDMVDDEELLELVEMEVRELLNEYEFPGDDLPVIQGSALKALEGDAEWEKKIIELGEALDSYIPEPERAIDKPFILPIEDVFSISGRGTVVTGRVEQGIIKVGEEVEIVGIKDTTKTTCTGVEMFRKLLDEGRAGENVGVLLRGTKRDEVERGQVLAKPGSITPHVNFEAEVYVLSKDEGGRHTPFFKGYRPQFYFRTTDVTGAVELPEGVEMVMPGDNLKFKVELIAPIAMEEGLRFAIREGGRTVGAGVVSKILD
Q9L6A3;Rod shape-determining protein MreB;MLFKKIRGLFSNDLSIDLGTANTLIYVKGQGIVLDEPSVVAIRQERSGALKSIAAVGRDAKLMLGRTPKSIAAIRPMKDGVIADFFVTEKMLQYFIKQVHSSNFMRPSPRVLVCVPAGATQVERRAIKESAIGAGAREVYLIEEPMAAAIGAKLPVSTATGSMVIDIGGGTTEVAVISLNGIVYSSSVRIGGDRFDEAIISYVRKTFGSIIGEPTAERIKQEIGSAFIQEGDEVREIEVHGHNLAEGAPRSFKLTSRDVLEAIQAPLNGIVAAVRTALEECQPEHAADIFERGMVLTGGGALIRNIDVLLSKETGVPVIIADDPLTCVARGGGEALEMIDMHGGDIFSDDI
Q92338;Protein ABC1 homolog, mitochondrial;MANSGLWELITIGSAVRNVAKSYLKAEASSITAKQLYDASKITSSKRSTSDLHVQLLEKYRNGKVKHASQIKELGLSSKDTKRTLLGNSLDVQKDASGVKHLQEQSSKEIKNPISQPILPNKKDEISPAKPSAIDSSIKDVTKSHPATNANFTADFESSIEESYSTENKSPVILSSSKVPSSQWSRLWHYGGLATSLSVGAIGEKMKRMWGISKDDGALLLNERNVEILVNKLTQMRGAALKMGQMLSFQDSKLIDPRVSQILERVRDGAHSMPEKQLEQVMVKNLGKNWMTHYSEFDRKPMAAASIGQVHRARLASNHMEVVVKVQYPGVMSSIDSDLNNLAYLLKASRILPKGLFLENSLAAARKELKWECDYEREAAFAERFGSLLKNDSDFKVPMVFREASGPSVITLEYLHGIALGKQKYSQATRNHIGYLLTKQCLREISEYHFMQTDPNWSNFLYNGKTKKIELLDFGASIEYDEKFIKKYCRLLLAAAHRNREKCKKLSVELGYLNNHESAQMIDAHINSIFTLAEPFAFDAPDVYDFGDQTITARVKQQIPVMLDLRLQPPPEETYSLHRRLSGHFLLCAKLGAKVRCKELFSGMLKHYAD
P0A517;Putative cytochrome P450 124;MGLNTAIATRVNGTPPPEVPIADIELGSLDFWALDDDVRDGAFATLRREAPISFWPTIELPGFVAGNGHWALTKYDDVFYASRHPDIFSSYPNITINDQTPELAEYFGSMIVLDDPRHQRLRSIVSRAFTPKVVARIEAAVRDRAHRLVSSMIANNPDRQADLVSELAGPLPLQIICDMMGIPKADHQRIFHWTNVILGFGDPDLATDFDEFMQVSADIGAYATALAEDRRVNHHDDLTSSLVEAEVDGERLSSREIASFFILLVVAGNETTRNAITHGVLALSRYPEQRDRWWSDFDGLAPTAVEEIVRWASPVVYMRRTLTQDIELRGTKMAAGDKVSLWYCSANRDESKFADPWTFDLARNPNPHLGFGGGGAHFCLGANLARREIRVAFDELRRQMPDVVATEEPARLLSQFIHGIKTLPVTWS
P0AEE1;Protein DcrB;MRNLVKYVGIGLLVMGLAACDDKDTNATAQGSVAESNATGNPVNLLDGKLSFSLPADMTDQSGKLGTQANNMHVWSDATGQKAVIVIMGDDPKEDLAVLAKRLEDQQRSRDPQLQVVTNKAIELKGHKMQQLDSIISAKGQTAYSSVILGNVGNQLLTMQITLPADDQQKAQTTAENIINTLVIQ
P64588;Transcriptional regulator YqjI;MSHHHEGCCKHEGQPRHEGCCKGEKSEHEHCGHGHQHEHGQCCGGRHGRGGGRRQRFFGHGELRLVILDILSRDDSHGYELIKAIENLTQGNYTPSPGVIYPTLDFLQEQSLITIREEEGGKKQIALTEQGAQWLEENREQVEMIEERIKARCVGAALRQNPQMKRALDNFKAVLDLRVNQSDISDAQIKKIIAVIDRAAFDITQLD
A8AQ58;Translation initiation factor IF-2;MTDVTVKALAAEIQTSVDRLVQQFADAGIPKSADDSVSAQEKQTLLAHLNRENGSGPDKLTLQRKTRSTLNIPGTGGKSKSVQIEVRKKRTFVKRDPQETERLAAEEQAQREAEEQARREAEETAKREAQQKADREAAEQAKRDAAEKAKREAAEKDKVSNQQTDDMTKTAQAEKARRENEAAELKRKAEEEARRKLEEEARRVAEEARRMAEENKWTDNAEPTEDTSDYHVTTSQHARQAEDENDREVEGGRGRSRNAKAARPAKKGNKHSESKADREEARAAVRGGKGGKNRKGSALQQSFQKPVQAVNRDVVIGETITVGELANKMAVKGSQVIKAMMKLGAMATINQVIDQETAQLVAEEMGHKVILRRENELEEAVMSDRDTGAAAEPRAPVVTIMGHVDHGKTSLLDYIRSTKVASGEAGGITQHIGAYHVETDNGMITFLDTPGHAAFTSMRARGAQATDIVVLVVAADDGVMPQTIEAIQHAKAAGVPVVVAVNKIDKPEADPDRVKNELSQYGILPEEWGGESQFVHVSAKAGTGIDELLDAILLQAEVLELKAVRKGMASGAVIESFLDKGRGPVATVLVREGTLNKGDIVLCGFEYGRVRAMRNELGQEVLEAGPSIPVEILGLSGVPAAGDEVTVVRDEKKAREVALYRQGKFREVKLARQQKSKLENMFANMTEGEVHEVNIVLKADVQGSVEAISDSLLKLSTDEVKVKIIGSGVGGITETDATLAAASNAILVGFNVRADASARKVIEAESLDLRYYSVIYNLIDEVKAAMSGMLSPELKQQIIGLAEVRDVFKSPKFGAVAGCMVTEGTIKRHNPIRVLRDNVVIYEGELESLRRFKDDVNEVRNGMECGIGVKNYNDVRVGDMIEVFEIIEIQRTIA
A7ZCN0;Elongation factor Tu;MAKEKFSRNKPHVNIGTIGHVDHGKTTLTAAISAVLSRKGLAELKDYDNIDNAPEEKERGITIATSHIEYETEKRHYAHVDCPGHADYVKNMITGAAQMDGAILVVSAADGPMPQTREHILLSRQVGVPYIVVFMNKADMVDDAELLELVEMEIRELLNEYNFPGDDTPIVSGSALKALEEAKAGQDGEWSAKIMELMDAVDSYIPTPVRATDKDLLMPIEDVFSISGRGTVVTGRIEKGVVKVGDTIEIVGIKPTQTTTVTGVEMFRKEMDQGEAGDNVGVLLRGTKKEDVERGMVLCKPKSITPHTKFEGEVYILTKEEGGRHTPFFNNYRPQFYVRTTDVTGSITLPEGTEMVMPGDNVRISVELIAPVALEEGTRFAIREGGRTVGSGVVSKILG
A8AQJ9;50S ribosomal protein L18;MDKKSARIRRATRARRKLQELGATRLVVHRTPRHIYAQVIAPNGSEVLVAASTVEKAIAEQLKYTGNKDAAAAVGKAVAERALEKGIKDVSFDRSGFQYHGRVQALADAAREAGLQF
P00551;Aminoglycoside 3'-phosphotransferase;MSHIQRETSCSRPRLNSNLDADLYGYKWARDNVGQSGATIYRLYGKPDAPELFLKHGKGSVANDVTDEMVRLNWLTEFMPLPTIKHFIRTPDDAWLLTTAIPGKTAFQVLEEYPDSGENIVDALAVFLRRLHSIPVCNCPFNSDRVFRLAQAQSRMNNGLVDASDFDDERNGWPVEQVWKEMHKLLPFSPDSVVTHGDFSLDNLIFDEGKLIGCIDVGRVGIADRYQDLAILWNCLGEFSPSLQKRLFQKYGIDNPDMNKLQFHLMLDEFF
Q4P3U9;ATP-dependent rRNA helicase RRP3;MPKASASSAKMTASTSNVSSSNSKLKKSKASSPSASPEVSTPSTSNSNDDQDGHVSEDMSDAEEGESQEHSASGSGISDHDDDDDPSADKDSPAADEEQDEKKVATIADDGKKVEFSDLGVIPQIVEACTNMGFKHPTPIQVKAIPEALQARDVIGLAQTGSGKTAAFTIPILQALWDNPKPFFACVLAPTRELAYQISQQVEALGSTIGVRSATIVGGMDMMSQSIALSKRPHVIVATPGRLQDHLENTKGFSLRGLQYLVMDEADRLLDMDFGPIIDKLLQSIPRERRTMLFSATMTTKVAKLQRASLKNPVRVEVDTKYTTVSTLKQHYMFMPFAHKDTYLVHLANEQAGHSIIVFTRTVHDSQRLSILLRLLGFPAIPLHGQLSQQARLGALNKFKTGGRSILVATDVASRGLDIPAVDLVVNYDIPTNSKDYIHRVGRTARAGRSGRSVTLVTQYDVELLQRIEAVIGLKMTEFPGGNDKEAVMLLSERVAEAHRAAVRELKDKGVGSAGGSGKRKRKMDGKYGDDMDRDDDQVQAGLPVSGNGRHQNQNRKKGRR
A7ZNR5;D-tagatose-1,6-bisphosphate aldolase subunit GatY;MYVVSTKQMLNNAQRGGYAVPAFNIHNLETMQVVVETAANLHAPVIIAGTPGTFTHAGTENLLALVSAMAKQYHHPLTIHLDHHTKFDDIAQKVRSGVRSVMIDASHLPFAQNISRVKEVVDFCHRFDVSVEAELGQLGGQEDDVQVNEADALYTNPAQAREFAEATGIDSLAVAIGTAHGMYASAPVLDFSRLENIRQWVNLPLVLHGASGLSTKDIQQTIKVGICKINVATELKNAFSQALKNYLTEHPEATDPRDYLQSAKSAMRDVVSKVIADCGCEGRA
P0A9F5;HTH-type transcriptional regulator CysB;MKLQQLRYIVEVVNHNLNVSSTAEGLYTSQPGISKQVRMLEDELGIQIFSRSGKHLTQVTPAGQEIIRIAREVLSKVDAIKSVAGEHTWPDKGSLYIATTHTQARYALPNVIKGFIERYPRVSLHMHQGSPTQIADAVSKGNADFAIATEALHLYEDLVMLPCYHWNRAIVVTPDHPLAGKKAITIEELAQYPLVTYTFGFTGRSELDTAFNRAGLTPRIVFTATDADVIKTYVRLGLGVGVIASMAVDPVADPDLVRVDAHDIFSHSTTKIGFRRSTFLRSYMYDFIQRFAPHLTRDVVDAAVALRSNEEIEVMFKDIKLPEK
P0ADU3;Probable quinol monooxygenase YgiN;MLTVIAEIRTRPGQHHRQAVLDQFAKIVPTVLKEEGCHGYAPMVDCAAGVSFQSMAPDSIVMIEQWESIAHLEAHLQTPHMKAYSEAVKGDVLEMNIRILQPGI
Q2KIG5;Thromboxane-A synthase;MEVLGLFRLEVSGPMVTVALSVVFLALLKWYSTSAFSRLEKLGIRHPKPSPFIGNLAFFRQGFWESHMELRKQYGPLSGYYLGRLMFIVISEPDMIEQVLVEKFSNFTNRMATGLEPKPVADSVLFLRDKRWEEVRSVLTVAFSPEKLSEMTPLISRACDVLLAHLERHAQSGEAFDIQRTYCCYTTDVVASVAFGTEVNSQEAPEHPFVEHCRRFFASSIPKPLLVLLLSFPSIMVPLARILPNKNRDELNGFFNKLIRNVIALRDQQAAEERRRDFLQMVQDVRHSAATVGVEKFDIVRQVFSATKCPANPPRRHSPRPLSKPLSVDEVVGQAFIFLIAGYEIVTNTLSFATYLLATNPECQEKLLEEVDCFSKEHLAPEYCSLQEGLPYLDMVIKETLRMYPPAFRFTRVAAQDCEVLGQRIPAGAVLETAVGALHYDPEHWPNPENFNPERFTAEAQQRRRPYTYLPFGAGPRSCLGVRLGLLELKLTLLHILRKFRFEACPETQVPLQLESKSALGPKNGVYIRIVSR
O35435;Dihydroorotate dehydrogenase (quinone), mitochondrial;MAWRQLRKRALDAAIILGGGGLLFTSYLTATGDDHFYAEYLMPALQRLLDPESAHRLAVRVISLGLLPRATFQDSNMLEVRVLGHKFRNPVGIAAGFDKHGEAVDGLYKLGFGFVEVGSVTPQPQEGNPRPRVFRLPEDQAVINRYGFNSHGLSAVEHRLRARQQKQTQLTTDGLPLGINLGKNKTSVDAAADYVEGVRILGPLADYLVVNVSSPNTAGLRSLQGKTELRRLLSKVLQERDALKGPQKPAVLVKIAPDLTAQDKEDIASVARELGIDGLIITNTTVSRPVGLQGALRSETGGLSGKPLRDLSTQTIREMYALTQGTIPIIGVGGVSSGQDALEKIQAGASLVQLYTALTFLGPPVVARVKRELEALLKERGFNTVTDAIGVDHRR
B2I8R2;Probable malate:quinone oxidoreductase;MKKSLKELTGLIVAFALATLLFLYWPLYQRSVPKANNDAPVDVVLIGGGIMSVTLGTYLQELQPDWKIELFERLNGIAQESSDGWNNAGTGHSAFAELNYTPELQDGTIEIKRAIKIAEQFEISREFWSHQVRHGRLPAPTEFINATPHMSFVWGEDRIEYLRKRHNALIKNPLFYGMQFSTDPAIIQKWAPLLMEGRTQDQKVAATYMPLGTDVNFGVITRDLAKHLQDSQNFALHLDHEVTALRQNPDKTWNVTVKDLNNGQERSIKSRFVFIGAGGAALKLLQLSGIPESKDYAGFPVGGQFLSFENTAITKRHNVKAYGMAESGSPPMSVPHLDARKLDGKSIVLFGPFALYSTKFLKNGSWFDLYSSVNHHNAAGMLSVGKNNIDLVKYLMKQATLTDADRHAELLKYFPNAKPTDWTLVTAGQRVQIIKRDPDKGMILQFGTEIVMDKDHTLATLLGASPGASTSPSIMLDLLAKAFPQQMKNGWETQLKKIIPSYGQHINDSPALTNKIRRMTSETLSLPYLEVPDKSATPADPTIAPKNQHSTTYNANSEMQAL
Q8YUL9;Chaperone protein ClpB 1;MQPTDPNKFTDKAWEVIVKSQDIVRAYQQQQLDVEHLILALIEDPTSLAVRILGRAEIDPIRLQQQLEAFTQRQTKVGKSDQLYLGRSLDVMLDRAEEIRERMKDGYISVEHMLLAFVDDERVGRKVLKGFNVDSAKIEASIKAVRGSQKVTDQNPESRYEALQKFGRDLTEQAKSGKLDPVIGRDDEIRRVIQVLSRRSKNNPVLIGEPGVGKTAIAEALAQRIVNGDVPESLKNRQLISLDIGSLIAGAKYRGEFEDRLKAVLREVTESNGNIVLFIDELHTVVGTGSNQQGAMDAGNLLKPMLARGELRCIGATTLDEFRKFIEKDAALERRFQQVYVDQPSVENTISILRGLKERYEVHHNVKISDSALVAAATLSARYIADRFLPDKAIDLVDEAAAQLKMEITSKPADLEAIDRRLMQLEMEKLSLAGEEKVAAPTKERLQRIELEITNLTEKQQDLNNQWQGEKQVLEAISLLKKEEDALRVQIEQAERAYDLNKAAQLKYGKLEGVQRDREAKEAKLLELQSQGSTLLREQVTEADIAEIVAKWTGIPVNRLLESERQKLLQLESHLHQRVIGQQEAVEAVSAAIRRARAGMKDPNRPIGSFLFMGPTGVGKTELARALAQFLFDADDALVRLDMSEYMEKHSVSRLVGAPPGYVGYEEGGQLSEAVRRHPYSVVLLDEVEKAHPDVFNILLQVLDDGRITDSQGRTVDFRNTVIVMTSNIGSEHILDVSGDDTQYETMRNRVMDALRSHFRPEFLNRVDDTILFHALSRSEMSHIIRIQLKRVESLLRDQKISFEISPAACDFLVEKGYDPVYGARPLKRAIQREIENPLATKILENTFISGDTIYIDQDENGLSFTNKAPVKVSVTQITT
P06720;Alpha-galactosidase;MMSAPKITFIGAGSTIFVKNILGDVFHREALKTAHIALMDIDPTRLEESHIVVRKLMDSAGASGKITCHTQQKEALEDADFVVVAFQIGGYEPCTVTDFEVCKRHGLEQTIADTLGPGGIMRALRTIPHLWQICEDMTEVCPDATMLNYVNPMAMNTWAMYARYPHIKQVGLCHSVQGTAEELARDLNIDPATLRYRCAGINHMAFYLELERKTADGSYVNLYPELLAAYEAGQAPKPNIHGNTRCQNIVRYEMFKKLGYFVTESSEHFAEYTPWFIKPGREDLIERYKVPLDEYPKRCVEQLANWHKELEEYKKASRIDIKPSREYASTIMNAIWTGEPSVIYGNVRNDGLIDNLPQGCCVEVACLVDANGIQPTKVGTLPSHLAALMQTNINVQTLLTEAILTENRDRVYHAAMMDPHTAAVLGIDEIYALVDDLIAAHGDWLPGWLHR
Q75N23;Tumor necrosis factor;MSTESMIRDVELAEEALPKKAGGPQGSRRCLCLSLFSFLLVAGATTLFCLLHFGVIGPQKEELLTGLQLMNPLAQTLRSSSQASRDKPVAHVVADPAAQGQLQWEKRFANTLLANGVKLEDNQLVVPTDGLYLIYSQVLFSGQRCPSTPVFLTHTISRLAVSYPNKANLLSAIKSPCQGGTSEEAEAKPWYEPIYLGGVFQLEKDDRLSAEINMPNYLDFAESGQVYFGIIAL
Q6LLK1;Shikimate dehydrogenase (NADP(+));MDKYVVFGNPIAQSKSPFIHTLFARQTAQKMEYTAELAPADGFKLAADNFFSAGGRGCNITAPFKEDAYQYATQLSERAKLAGAVNTLKKLDDGGILGDNTDGEGLVQDLLLNQVELAGKRILLVGAGGAARGVILPLLAQNPVELVITNRTLSKAQQLADLFAPFGSVSSAAIDTLNQPDFDVIINSTSAGLSGQLPGLSESLIKHDMVCYDMVYSAQITAFNLWARDLGAGKVIDGLGMLVGQAAESFMLWRGLRPGAKQVLRELRRILQE
A1WDC8;Acylphosphatase;MAESAASITRHLRIHGLVQGVYYRKSMTEAARRLGVQGWVRNRQDGTVEALASGAAPAVQALIDWAHEGPPAARVERVEVAEAPACDAQGFEQRETV
P07014;Succinate dehydrogenase iron-sulfur subunit;MRLEFSIYRYNPDVDDAPRMQDYTLEADEGRDMMLLDALIQLKEKDPSLSFRRSCREGVCGSDGLNMNGKNGLACITPISALNQPGKKIVIRPLPGLPVIRDLVVDMGQFYAQYEKIKPYLLNNGQNPPAREHLQMPEQREKLDGLYECILCACCSTSCPSFWWNPDKFIGPAGLLAAYRFLIDSRDTETDSRLDGLSDAFSVFRCHSIMNCVSVCPKGLNPTRAIGHIKSMLLQRNA
A7ZTI8;50S ribosomal protein L28;MSRVCQVTGKRPVTGNNRSHALNATKRRFLPNLHSHRFWVESEKRFVTLRVSAKGMRVIDKKGIDTVLAELRARGEKY
B8J0U1;CinA-like protein;MRAEIISVGTELLLGHTINTDAAHVGRALSALGMDLLQVHTVGDNAGRLEAALREALNCADVVITTGGLGPTDDDMTKETVARVLGAPLEEHKDSLRRLREYFGSRPIAANQLKQAWLPRGSTAFPNRAGTAPGCAVPGKPGQWVILLPGPPSELLPMLEDSVMPFLQRMGGAVIASFMVRTFGIGEGSAALRIADLTEGANPTVAPYASDAEMFVRVTAKAENAEAAEALAKPVVDAVRGRLGDVVYGVNVSGLEAVVVEQLRQHRRSLAIAESCTGGLLAKRITDQPGASEVFGYGLITYANEAKTRLLGVPEEQLACYGAVSPQVARSMAVGVRERYGADYGLGITGVAGPGGGTEEKPVGLVYVALSCSNAVWLRVLRPQGRYLGREWTRRLASSHALDMLRRHMAGLPVEAGWADGLPQD
Q7MAW8;tRNA dimethylallyltransferase 1;METQDHTLYVLLGPTGVGKTDLSLDIAERLGSPIISADSRQIFRELPIGTAAPTPEQRAKVPHLFVGTHSVRDYYSAGMYEVEVLEALKELFRKYRGVLLTGGSMMYIDAVCRGIDDIPDPFPEVREELYARYAAEGLDGILAQLRLLDPDYYAKVDRRNYKRVIHGLEICLSTGRPFSSFHRHEAKERPFRIVKIGLYREREELCKRIDARVLEMMEQGLEEEARAVYPLRHLNALNTVGYKEMFEYFDGSIDRAEAVRRIQRNSRVYARKQMTWFRRDSTIRWFHPEADKGTVLTLVT
P10613;Lanosterol 14-alpha demethylase;MAIVETVIDGINYFLSLSVTQQISILLGVPFVYNLVWQYLYSLRKDRAPLVFYWIPWFGSAASYGQQPYEFFESCRQKYGDVFSFMLLGKIMTVYLGPKGHEFVFNAKLSDVSAEDAYKHLTTPVFGKGVIYDCPNSRLMEQKKFAKFALTTDSFKRYVPKIREEILNYFVTDESFKLKEKTHGVANVMKTQPEITIFTASRSLFGDEMRRIFDRSFAQLYSDLDKGFTPINFVFPNLPLPHYWRRDAAQKKISATYMKEIKSRRERGDIDPNRDLIDSLLIHSTYKDGVKMTDQEIANLLIGILMGGQHTSASTSAWFLLHLGEKPHLQDVIYQEVVELLKEKGGDLNDLTYEDLQKLPSVNNTIKETLRMHMPLHSIFRKVTNPLRIPETNYIVPKGHYVLVSPGYAHTSERYFDNPEDFDPTRWDTAAAKANSVSFNSSDEVDYGFGKVSKGVSSPYLPFGGGRHRCIGEQFAYVQLGTILTTFVYNLRWTIDGYKVPDPDYSSMVVLPTEPAEIIWEKRETCMF
Q0C406;Tryptophanase;MKTIIEPFRIKSVEPIRMTTREERARLLEAAGFNLFKLHSDDVIIDLLTDSGTSAMSAAQWGAVMTGDESYAGAPSFYRFEAAVKDLMDFTHIIPAHQGRAAEHLLFSLIAKTGDLIPSNTHFDTTRGNIEAMGAEALDLPIAEGRVPSLDHPFKGNMDLAALERVLTEEGGRIPAVMMTITNNAGGGQPVSLENIRGAARLAKAHGKAFYIDGCRFAENAWFIKLREEGQKDRSIKEIVRETFALADGMTMSAKKDAFANIGGWLALNNDALAERARTLLIQTEGFPTYGGLAGRDLDAIAQGLKEIIDEDYLRYRVRTNAYIAERLDAMGVPVVKPAGGHAVFIDARAFLPHIPPLEYPGQALTCAMYETGGIRACEIGTVMFGRKPDGTEAPGAMDLVRLAMPRRVYTQSHADYVVEVLEDVAATKDTLKGLRIVKEPPMMRHFTAAFERL
